{
	"biome": "biomesoplenty:visceral_heap",
	"generationWeight": 4,
	"useDefaultDecorations": true,
	"isSubBiome": false,
	"isEnabled": true,
	"blocks": {},
	"entities": [
		{
			"spawnWeight": 50,
			"minimumGroupCount": 4,
			"maximumGroupCount": 4,
			"entity": "minecraft:ghast"
		}, 
		{
			"spawnWeight": 100,
			"minimumGroupCount": 4,
			"maximumGroupCount": 4,
			"entity": "minecraft:zombie_pigman"
		}, 
		{
			"spawnWeight": 2,
			"minimumGroupCount": 4,
			"maximumGroupCount": 4,
			"entity": "minecraft:magma_cube"
		}, 
		{
			"spawnWeight": 1,
			"minimumGroupCount": 4,
			"maximumGroupCount": 4,
			"entity": "minecraft:enderman"
		}, 
		{
			"spawnWeight": 20,
			"minimumGroupCount": 1,
			"maximumGroupCount": 1,
			"entity": "cavern:cavenic_skeleton"
		}, 
		{
			"spawnWeight": 30,
			"minimumGroupCount": 1,
			"maximumGroupCount": 1,
			"entity": "cavern:cavenic_creeper"
		}, 
		{
			"spawnWeight": 30,
			"minimumGroupCount": 2,
			"maximumGroupCount": 2,
			"entity": "cavern:cavenic_zombie"
		}, 
		{
			"spawnWeight": 30,
			"minimumGroupCount": 1,
			"maximumGroupCount": 1,
			"entity": "cavern:cavenic_spider"
		}, 
		{
			"spawnWeight": 15,
			"minimumGroupCount": 1,
			"maximumGroupCount": 1,
			"entity": "cavern:cavenic_witch"
		}, 
		{
			"spawnWeight": 30,
			"minimumGroupCount": 1,
			"maximumGroupCount": 1,
			"entity": "cavern:cavenic_bear"
		}, 
		{
			"spawnWeight": 1,
			"minimumGroupCount": 1,
			"maximumGroupCount": 1,
			"entity": "cavern:crazy_skeleton"
		}, 
		{
			"spawnWeight": 1,
			"minimumGroupCount": 1,
			"maximumGroupCount": 1,
			"entity": "cavern:crazy_creeper"
		}, 
		{
			"spawnWeight": 1,
			"minimumGroupCount": 1,
			"maximumGroupCount": 1,
			"entity": "cavern:crazy_zombie"
		}, 
		{
			"spawnWeight": 1,
			"minimumGroupCount": 1,
			"maximumGroupCount": 1,
			"entity": "cavern:crazy_spider"
		}, 
		{
			"spawnWeight": 30,
			"minimumGroupCount": 1,
			"maximumGroupCount": 1,
			"entity": "cavern:caveman"
		}, 
		{
			"spawnWeight": 100,
			"minimumGroupCount": 4,
			"maximumGroupCount": 4,
			"entity": "cavern:squid"
		}
	],
	"traits": [],
	"subBiomes": []
}