{
  "VersionNumber": {
    "Version": "4.3.4"
  },
  "Documentation": {
    "BasicDocumentation": "Here is a small explanation of what each entry does/means. For more information, read oregen_documentation.md at github.com/Rohzek/SimpleOreGeneration",
    "name": "The name of the ore, as referenced in code. Do not change",
    "spawnBlock": "The block that gets replaced by the ore. Usually Stone for surface, Netherrack for Nether, or End Stone for End",
    "miningLevel": "The level of pickaxe required to mine the block. Only applies to Simple Ore Generation blocks, if it says vanilla, or modded, then it wont change anything",
    "minY": "The lowest Y level the block can spawn at",
    "maxY": "The highest Y level the block can spawn at",
    "veinMinimum": "The minimum number of veins that can be spawned in a chunk. To remove variance, set this to the number you want",
    "veinMaximum": "The maximum number of veins that can be spawned in a chunk. To remove variance, set this to 1",
    "countMinimum": "The minimum number of blocks that can be spawned in a vein. To remove variance, set this to the number you want",
    "countMaximum": "The maximum amount of blocks that can be spawned in a vein. To remove variance, set this to 1",
    "disableOre": "If true, this ore will not spawn",
    "biomeList": "A list of biomes this ore can spawn in. Is dynamically filled based on what biomes are registered with Forge when this file is created, so should include modded biomes, too"
  },
  "VanillaOres": [
    {
      "name": "netherQuartzOre",
      "spawnBlock": "minecraft:netherrack",
      "miningLevel": "VANILLA",
      "minY": 0,
      "maxY": 126,
      "veinMinimum": 21,
      "veinMaximum": 36,
      "countMinimum": 13,
      "countMaximum": 20,
      "disableOre": false,
      "biomeList": [
        "hell"
      ]
    },
    {
      "name": "surfaceCoalOre",
      "spawnBlock": "minecraft:stone",
      "miningLevel": "VANILLA",
      "minY": 0,
      "maxY": 213,
      "veinMinimum": 20,
      "veinMaximum": 24,
      "countMinimum": 25,
      "countMaximum": 40,
      "disableOre": false,
      "biomeList": [
        "ocean",
        "plains",
        "desert",
        "extreme_hills",
        "forest",
        "taiga",
        "swampland",
        "river",
        "frozen_ocean",
        "frozen_river",
        "ice_flats",
        "ice_mountains",
        "mushroom_island",
        "mushroom_island_shore",
        "beaches",
        "desert_hills",
        "forest_hills",
        "taiga_hills",
        "smaller_extreme_hills",
        "jungle",
        "jungle_hills",
        "jungle_edge",
        "deep_ocean",
        "stone_beach",
        "cold_beach",
        "birch_forest",
        "birch_forest_hills",
        "roofed_forest",
        "taiga_cold",
        "taiga_cold_hills",
        "redwood_taiga",
        "redwood_taiga_hills",
        "extreme_hills_with_trees",
        "savanna",
        "savanna_rock",
        "mesa",
        "mesa_rock",
        "mesa_clear_rock",
        "mutated_plains",
        "mutated_desert",
        "mutated_extreme_hills",
        "mutated_forest",
        "mutated_taiga",
        "mutated_swampland",
        "mutated_ice_flats",
        "mutated_jungle",
        "mutated_jungle_edge",
        "mutated_birch_forest",
        "mutated_birch_forest_hills",
        "mutated_roofed_forest",
        "mutated_taiga_cold",
        "mutated_redwood_taiga",
        "mutated_redwood_taiga_hills",
        "mutated_extreme_hills_with_trees",
        "mutated_savanna",
        "mutated_savanna_rock",
        "mutated_mesa",
        "mutated_mesa_rock",
        "mutated_mesa_clear_rock"
      ]
    },
    {
      "name": "surfaceDiamondOre",
      "spawnBlock": "minecraft:stone",
      "miningLevel": "VANILLA",
      "minY": 0,
      "maxY": 126,
      "veinMinimum": 21,
      "veinMaximum": 4,
      "countMinimum": 7,
      "countMaximum": 10,
      "disableOre": false,
      "biomeList": [
        "ocean",
        "plains",
        "desert",
        "extreme_hills",
        "forest",
        "taiga",
        "swampland",
        "river",
        "frozen_ocean",
        "frozen_river",
        "ice_flats",
        "ice_mountains",
        "mushroom_island",
        "mushroom_island_shore",
        "beaches",
        "desert_hills",
        "forest_hills",
        "taiga_hills",
        "smaller_extreme_hills",
        "jungle",
        "jungle_hills",
        "jungle_edge",
        "deep_ocean",
        "stone_beach",
        "cold_beach",
        "birch_forest",
        "birch_forest_hills",
        "roofed_forest",
        "taiga_cold",
        "taiga_cold_hills",
        "redwood_taiga",
        "redwood_taiga_hills",
        "extreme_hills_with_trees",
        "savanna",
        "savanna_rock",
        "mesa",
        "mesa_rock",
        "mesa_clear_rock",
        "mutated_plains",
        "mutated_desert",
        "mutated_extreme_hills",
        "mutated_forest",
        "mutated_taiga",
        "mutated_swampland",
        "mutated_ice_flats",
        "mutated_jungle",
        "mutated_jungle_edge",
        "mutated_birch_forest",
        "mutated_birch_forest_hills",
        "mutated_roofed_forest",
        "mutated_taiga_cold",
        "mutated_redwood_taiga",
        "mutated_redwood_taiga_hills",
        "mutated_extreme_hills_with_trees",
        "mutated_savanna",
        "mutated_savanna_rock",
        "mutated_mesa",
        "mutated_mesa_rock",
        "mutated_mesa_clear_rock"
      ]
    },
    {
      "name": "surfaceEmeraldOre",
      "spawnBlock": "minecraft:stone",
      "miningLevel": "VANILLA",
      "minY": 0,
      "maxY": 256,
      "veinMinimum": 33,
      "veinMaximum": 8,
      "countMinimum": 12,
      "countMaximum": 25,
      "disableOre": false,
      "biomeList": [
        "ocean",
        "plains",
        "desert",
        "extreme_hills",
        "forest",
        "taiga",
        "swampland",
        "river",
        "frozen_ocean",
        "frozen_river",
        "ice_flats",
        "ice_mountains",
        "mushroom_island",
        "mushroom_island_shore",
        "beaches",
        "desert_hills",
        "forest_hills",
        "taiga_hills",
        "smaller_extreme_hills",
        "jungle",
        "jungle_hills",
        "jungle_edge",
        "deep_ocean",
        "stone_beach",
        "cold_beach",
        "birch_forest",
        "birch_forest_hills",
        "roofed_forest",
        "taiga_cold",
        "taiga_cold_hills",
        "redwood_taiga",
        "redwood_taiga_hills",
        "extreme_hills_with_trees",
        "savanna",
        "savanna_rock",
        "mesa",
        "mesa_rock",
        "mesa_clear_rock",
        "mutated_plains",
        "mutated_desert",
        "mutated_extreme_hills",
        "mutated_forest",
        "mutated_taiga",
        "mutated_swampland",
        "mutated_ice_flats",
        "mutated_jungle",
        "mutated_jungle_edge",
        "mutated_birch_forest",
        "mutated_birch_forest_hills",
        "mutated_roofed_forest",
        "mutated_taiga_cold",
        "mutated_redwood_taiga",
        "mutated_redwood_taiga_hills",
        "mutated_extreme_hills_with_trees",
        "mutated_savanna",
        "mutated_savanna_rock",
        "mutated_mesa",
        "mutated_mesa_rock",
        "mutated_mesa_clear_rock"
      ]
    },
    {
      "name": "surfaceGoldOre",
      "spawnBlock": "minecraft:stone",
      "miningLevel": "VANILLA",
      "minY": 0,
      "maxY": 256,
      "veinMinimum": 34,
      "veinMaximum": 12,
      "countMinimum": 19,
      "countMaximum": 27,
      "disableOre": false,
      "biomeList": [
        "ocean",
        "plains",
        "desert",
        "extreme_hills",
        "forest",
        "taiga",
        "swampland",
        "river",
        "frozen_ocean",
        "frozen_river",
        "ice_flats",
        "ice_mountains",
        "mushroom_island",
        "mushroom_island_shore",
        "beaches",
        "desert_hills",
        "forest_hills",
        "taiga_hills",
        "smaller_extreme_hills",
        "jungle",
        "jungle_hills",
        "jungle_edge",
        "deep_ocean",
        "stone_beach",
        "cold_beach",
        "birch_forest",
        "birch_forest_hills",
        "roofed_forest",
        "taiga_cold",
        "taiga_cold_hills",
        "redwood_taiga",
        "redwood_taiga_hills",
        "extreme_hills_with_trees",
        "savanna",
        "savanna_rock",
        "mesa",
        "mesa_rock",
        "mesa_clear_rock",
        "mutated_plains",
        "mutated_desert",
        "mutated_extreme_hills",
        "mutated_forest",
        "mutated_taiga",
        "mutated_swampland",
        "mutated_ice_flats",
        "mutated_jungle",
        "mutated_jungle_edge",
        "mutated_birch_forest",
        "mutated_birch_forest_hills",
        "mutated_roofed_forest",
        "mutated_taiga_cold",
        "mutated_redwood_taiga",
        "mutated_redwood_taiga_hills",
        "mutated_extreme_hills_with_trees",
        "mutated_savanna",
        "mutated_savanna_rock",
        "mutated_mesa",
        "mutated_mesa_rock",
        "mutated_mesa_clear_rock"
      ]
    },
    {
      "name": "surfaceIronOre",
      "spawnBlock": "minecraft:stone",
      "miningLevel": "VANILLA",
      "minY": 0,
      "maxY": 256,
      "veinMinimum": 69,
      "veinMaximum": 20,
      "countMinimum": 28,
      "countMaximum": 39,
      "disableOre": false,
      "biomeList": [
        "ocean",
        "plains",
        "desert",
        "extreme_hills",
        "forest",
        "taiga",
        "swampland",
        "river",
        "frozen_ocean",
        "frozen_river",
        "ice_flats",
        "ice_mountains",
        "mushroom_island",
        "mushroom_island_shore",
        "beaches",
        "desert_hills",
        "forest_hills",
        "taiga_hills",
        "smaller_extreme_hills",
        "jungle",
        "jungle_hills",
        "jungle_edge",
        "deep_ocean",
        "stone_beach",
        "cold_beach",
        "birch_forest",
        "birch_forest_hills",
        "roofed_forest",
        "taiga_cold",
        "taiga_cold_hills",
        "redwood_taiga",
        "redwood_taiga_hills",
        "extreme_hills_with_trees",
        "savanna",
        "savanna_rock",
        "mesa",
        "mesa_rock",
        "mesa_clear_rock",
        "mutated_plains",
        "mutated_desert",
        "mutated_extreme_hills",
        "mutated_forest",
        "mutated_taiga",
        "mutated_swampland",
        "mutated_ice_flats",
        "mutated_jungle",
        "mutated_jungle_edge",
        "mutated_birch_forest",
        "mutated_birch_forest_hills",
        "mutated_roofed_forest",
        "mutated_taiga_cold",
        "mutated_redwood_taiga",
        "mutated_redwood_taiga_hills",
        "mutated_extreme_hills_with_trees",
        "mutated_savanna",
        "mutated_savanna_rock",
        "mutated_mesa",
        "mutated_mesa_rock",
        "mutated_mesa_clear_rock"
      ]
    },
    {
      "name": "surfaceLapisOre",
      "spawnBlock": "minecraft:stone",
      "miningLevel": "VANILLA",
      "minY": 0,
      "maxY": 256,
      "veinMinimum": 34,
      "veinMaximum": 16,
      "countMinimum": 18,
      "countMaximum": 30,
      "disableOre": false,
      "biomeList": [
        "ocean",
        "plains",
        "desert",
        "extreme_hills",
        "forest",
        "taiga",
        "swampland",
        "river",
        "frozen_ocean",
        "frozen_river",
        "ice_flats",
        "ice_mountains",
        "mushroom_island",
        "mushroom_island_shore",
        "beaches",
        "desert_hills",
        "forest_hills",
        "taiga_hills",
        "smaller_extreme_hills",
        "jungle",
        "jungle_hills",
        "jungle_edge",
        "deep_ocean",
        "stone_beach",
        "cold_beach",
        "birch_forest",
        "birch_forest_hills",
        "roofed_forest",
        "taiga_cold",
        "taiga_cold_hills",
        "redwood_taiga",
        "redwood_taiga_hills",
        "extreme_hills_with_trees",
        "savanna",
        "savanna_rock",
        "mesa",
        "mesa_rock",
        "mesa_clear_rock",
        "mutated_plains",
        "mutated_desert",
        "mutated_extreme_hills",
        "mutated_forest",
        "mutated_taiga",
        "mutated_swampland",
        "mutated_ice_flats",
        "mutated_jungle",
        "mutated_jungle_edge",
        "mutated_birch_forest",
        "mutated_birch_forest_hills",
        "mutated_roofed_forest",
        "mutated_taiga_cold",
        "mutated_redwood_taiga",
        "mutated_redwood_taiga_hills",
        "mutated_extreme_hills_with_trees",
        "mutated_savanna",
        "mutated_savanna_rock",
        "mutated_mesa",
        "mutated_mesa_rock",
        "mutated_mesa_clear_rock"
      ]
    },
    {
      "name": "surfaceRedstoneOre",
      "spawnBlock": "minecraft:stone",
      "miningLevel": "VANILLA",
      "minY": 0,
      "maxY": 256,
      "veinMinimum": 17,
      "veinMaximum": 24,
      "countMinimum": 7,
      "countMaximum": 19,
      "disableOre": false,
      "biomeList": [
        "ocean",
        "plains",
        "desert",
        "extreme_hills",
        "forest",
        "taiga",
        "swampland",
        "river",
        "frozen_ocean",
        "frozen_river",
        "ice_flats",
        "ice_mountains",
        "mushroom_island",
        "mushroom_island_shore",
        "beaches",
        "desert_hills",
        "forest_hills",
        "taiga_hills",
        "smaller_extreme_hills",
        "jungle",
        "jungle_hills",
        "jungle_edge",
        "deep_ocean",
        "stone_beach",
        "cold_beach",
        "birch_forest",
        "birch_forest_hills",
        "roofed_forest",
        "taiga_cold",
        "taiga_cold_hills",
        "redwood_taiga",
        "redwood_taiga_hills",
        "extreme_hills_with_trees",
        "savanna",
        "savanna_rock",
        "mesa",
        "mesa_rock",
        "mesa_clear_rock",
        "mutated_plains",
        "mutated_desert",
        "mutated_extreme_hills",
        "mutated_forest",
        "mutated_taiga",
        "mutated_swampland",
        "mutated_ice_flats",
        "mutated_jungle",
        "mutated_jungle_edge",
        "mutated_birch_forest",
        "mutated_birch_forest_hills",
        "mutated_roofed_forest",
        "mutated_taiga_cold",
        "mutated_redwood_taiga",
        "mutated_redwood_taiga_hills",
        "mutated_extreme_hills_with_trees",
        "mutated_savanna",
        "mutated_savanna_rock",
        "mutated_mesa",
        "mutated_mesa_rock",
        "mutated_mesa_clear_rock"
      ]
    }
  ],
  "SurfaceOres": [
    {
      "name": "surfaceAluminumOre",
      "spawnBlock": "minecraft:stone",
      "miningLevel": "STONE",
      "minY": 40,
      "maxY": 85,
      "veinMinimum": 24,
      "veinMaximum": 48,
      "countMinimum": 19,
      "countMaximum": 25,
      "disableOre": false,
      "biomeList": [
        "ocean",
        "plains",
        "desert",
        "extreme_hills",
        "forest",
        "taiga",
        "swampland",
        "river",
        "frozen_ocean",
        "frozen_river",
        "ice_flats",
        "ice_mountains",
        "mushroom_island",
        "mushroom_island_shore",
        "beaches",
        "desert_hills",
        "forest_hills",
        "taiga_hills",
        "smaller_extreme_hills",
        "jungle",
        "jungle_hills",
        "jungle_edge",
        "deep_ocean",
        "stone_beach",
        "cold_beach",
        "birch_forest",
        "birch_forest_hills",
        "roofed_forest",
        "taiga_cold",
        "taiga_cold_hills",
        "redwood_taiga",
        "redwood_taiga_hills",
        "extreme_hills_with_trees",
        "savanna",
        "savanna_rock",
        "mesa",
        "mesa_rock",
        "mesa_clear_rock",
        "mutated_plains",
        "mutated_desert",
        "mutated_extreme_hills",
        "mutated_forest",
        "mutated_taiga",
        "mutated_swampland",
        "mutated_ice_flats",
        "mutated_jungle",
        "mutated_jungle_edge",
        "mutated_birch_forest",
        "mutated_birch_forest_hills",
        "mutated_roofed_forest",
        "mutated_taiga_cold",
        "mutated_redwood_taiga",
        "mutated_redwood_taiga_hills",
        "mutated_extreme_hills_with_trees",
        "mutated_savanna",
        "mutated_savanna_rock",
        "mutated_mesa",
        "mutated_mesa_rock",
        "mutated_mesa_clear_rock"
      ]
    },
    {
      "name": "surfaceApatiteOre",
      "spawnBlock": "minecraft:stone",
      "miningLevel": "MODDED",
      "minY": 30,
      "maxY": 64,
      "veinMinimum": 256,
      "veinMaximum": 24,
      "countMinimum": 15,
      "countMaximum": 29,
      "disableOre": false,
      "biomeList": [
        "ocean",
        "plains",
        "desert",
        "extreme_hills",
        "forest",
        "taiga",
        "swampland",
        "river",
        "frozen_ocean",
        "frozen_river",
        "ice_flats",
        "ice_mountains",
        "mushroom_island",
        "mushroom_island_shore",
        "beaches",
        "desert_hills",
        "forest_hills",
        "taiga_hills",
        "smaller_extreme_hills",
        "jungle",
        "jungle_hills",
        "jungle_edge",
        "deep_ocean",
        "stone_beach",
        "cold_beach",
        "birch_forest",
        "birch_forest_hills",
        "roofed_forest",
        "taiga_cold",
        "taiga_cold_hills",
        "redwood_taiga",
        "redwood_taiga_hills",
        "extreme_hills_with_trees",
        "savanna",
        "savanna_rock",
        "mesa",
        "mesa_rock",
        "mesa_clear_rock",
        "mutated_plains",
        "mutated_desert",
        "mutated_extreme_hills",
        "mutated_forest",
        "mutated_taiga",
        "mutated_swampland",
        "mutated_ice_flats",
        "mutated_jungle",
        "mutated_jungle_edge",
        "mutated_birch_forest",
        "mutated_birch_forest_hills",
        "mutated_roofed_forest",
        "mutated_taiga_cold",
        "mutated_redwood_taiga",
        "mutated_redwood_taiga_hills",
        "mutated_extreme_hills_with_trees",
        "mutated_savanna",
        "mutated_savanna_rock",
        "mutated_mesa",
        "mutated_mesa_rock",
        "mutated_mesa_clear_rock"
      ]
    },
    {
      "name": "surfaceArditeOre",
      "spawnBlock": "minecraft:stone",
      "miningLevel": "IRON",
      "minY": 40,
      "maxY": 64,
      "veinMinimum": 256,
      "veinMaximum": 24,
      "countMinimum": 15,
      "countMaximum": 29,
      "disableOre": true,
      "biomeList": [
        "ocean",
        "plains",
        "desert",
        "extreme_hills",
        "forest",
        "taiga",
        "swampland",
        "river",
        "frozen_ocean",
        "frozen_river",
        "ice_flats",
        "ice_mountains",
        "mushroom_island",
        "mushroom_island_shore",
        "beaches",
        "desert_hills",
        "forest_hills",
        "taiga_hills",
        "smaller_extreme_hills",
        "jungle",
        "jungle_hills",
        "jungle_edge",
        "deep_ocean",
        "stone_beach",
        "cold_beach",
        "birch_forest",
        "birch_forest_hills",
        "roofed_forest",
        "taiga_cold",
        "taiga_cold_hills",
        "redwood_taiga",
        "redwood_taiga_hills",
        "extreme_hills_with_trees",
        "savanna",
        "savanna_rock",
        "mesa",
        "mesa_rock",
        "mesa_clear_rock",
        "mutated_plains",
        "mutated_desert",
        "mutated_extreme_hills",
        "mutated_forest",
        "mutated_taiga",
        "mutated_swampland",
        "mutated_ice_flats",
        "mutated_jungle",
        "mutated_jungle_edge",
        "mutated_birch_forest",
        "mutated_birch_forest_hills",
        "mutated_roofed_forest",
        "mutated_taiga_cold",
        "mutated_redwood_taiga",
        "mutated_redwood_taiga_hills",
        "mutated_extreme_hills_with_trees",
        "mutated_savanna",
        "mutated_savanna_rock",
        "mutated_mesa",
        "mutated_mesa_rock",
        "mutated_mesa_clear_rock"
      ]
    },
    {
      "name": "surfaceCertusQuartzOre",
      "spawnBlock": "minecraft:stone",
      "miningLevel": "STONE",
      "minY": 0,
      "maxY": 250,
      "veinMinimum": 9,
      "veinMaximum": 13,
      "countMinimum": 15,
      "countMaximum": 29,
      "disableOre": false,
      "biomeList": [
        "ocean",
        "plains",
        "desert",
        "extreme_hills",
        "forest",
        "taiga",
        "swampland",
        "river",
        "frozen_ocean",
        "frozen_river",
        "ice_flats",
        "ice_mountains",
        "mushroom_island",
        "mushroom_island_shore",
        "beaches",
        "desert_hills",
        "forest_hills",
        "taiga_hills",
        "smaller_extreme_hills",
        "jungle",
        "jungle_hills",
        "jungle_edge",
        "deep_ocean",
        "stone_beach",
        "cold_beach",
        "birch_forest",
        "birch_forest_hills",
        "roofed_forest",
        "taiga_cold",
        "taiga_cold_hills",
        "redwood_taiga",
        "redwood_taiga_hills",
        "extreme_hills_with_trees",
        "savanna",
        "savanna_rock",
        "mesa",
        "mesa_rock",
        "mesa_clear_rock",
        "mutated_plains",
        "mutated_desert",
        "mutated_extreme_hills",
        "mutated_forest",
        "mutated_taiga",
        "mutated_swampland",
        "mutated_ice_flats",
        "mutated_jungle",
        "mutated_jungle_edge",
        "mutated_birch_forest",
        "mutated_birch_forest_hills",
        "mutated_roofed_forest",
        "mutated_taiga_cold",
        "mutated_redwood_taiga",
        "mutated_redwood_taiga_hills",
        "mutated_extreme_hills_with_trees",
        "mutated_savanna",
        "mutated_savanna_rock",
        "mutated_mesa",
        "mutated_mesa_rock",
        "mutated_mesa_clear_rock"
      ]
    },
    {
      "name": "surfaceChargedCertusQuartzOre",
      "spawnBlock": "minecraft:stone",
      "miningLevel": "STONE",
      "minY": 0,
      "maxY": 250,
      "veinMinimum": 6,
      "veinMaximum": 9,
      "countMinimum": 15,
      "countMaximum": 29,
      "disableOre": false,
      "biomeList": [
        "ocean",
        "plains",
        "desert",
        "extreme_hills",
        "forest",
        "taiga",
        "swampland",
        "river",
        "frozen_ocean",
        "frozen_river",
        "ice_flats",
        "ice_mountains",
        "mushroom_island",
        "mushroom_island_shore",
        "beaches",
        "desert_hills",
        "forest_hills",
        "taiga_hills",
        "smaller_extreme_hills",
        "jungle",
        "jungle_hills",
        "jungle_edge",
        "deep_ocean",
        "stone_beach",
        "cold_beach",
        "birch_forest",
        "birch_forest_hills",
        "roofed_forest",
        "taiga_cold",
        "taiga_cold_hills",
        "redwood_taiga",
        "redwood_taiga_hills",
        "extreme_hills_with_trees",
        "savanna",
        "savanna_rock",
        "mesa",
        "mesa_rock",
        "mesa_clear_rock",
        "mutated_plains",
        "mutated_desert",
        "mutated_extreme_hills",
        "mutated_forest",
        "mutated_taiga",
        "mutated_swampland",
        "mutated_ice_flats",
        "mutated_jungle",
        "mutated_jungle_edge",
        "mutated_birch_forest",
        "mutated_birch_forest_hills",
        "mutated_roofed_forest",
        "mutated_taiga_cold",
        "mutated_redwood_taiga",
        "mutated_redwood_taiga_hills",
        "mutated_extreme_hills_with_trees",
        "mutated_savanna",
        "mutated_savanna_rock",
        "mutated_mesa",
        "mutated_mesa_rock",
        "mutated_mesa_clear_rock"
      ]
    },
    {
      "name": "surfaceCinnabarOre",
      "spawnBlock": "minecraft:stone",
      "miningLevel": "IRON",
      "minY": 10,
      "maxY": 60,
      "veinMinimum": 12,
      "veinMaximum": 18,
      "countMinimum": 15,
      "countMaximum": 29,
      "disableOre": true,
      "biomeList": [
        "ocean",
        "plains",
        "desert",
        "extreme_hills",
        "forest",
        "taiga",
        "swampland",
        "river",
        "frozen_ocean",
        "frozen_river",
        "ice_flats",
        "ice_mountains",
        "mushroom_island",
        "mushroom_island_shore",
        "beaches",
        "desert_hills",
        "forest_hills",
        "taiga_hills",
        "smaller_extreme_hills",
        "jungle",
        "jungle_hills",
        "jungle_edge",
        "deep_ocean",
        "stone_beach",
        "cold_beach",
        "birch_forest",
        "birch_forest_hills",
        "roofed_forest",
        "taiga_cold",
        "taiga_cold_hills",
        "redwood_taiga",
        "redwood_taiga_hills",
        "extreme_hills_with_trees",
        "savanna",
        "savanna_rock",
        "mesa",
        "mesa_rock",
        "mesa_clear_rock",
        "mutated_plains",
        "mutated_desert",
        "mutated_extreme_hills",
        "mutated_forest",
        "mutated_taiga",
        "mutated_swampland",
        "mutated_ice_flats",
        "mutated_jungle",
        "mutated_jungle_edge",
        "mutated_birch_forest",
        "mutated_birch_forest_hills",
        "mutated_roofed_forest",
        "mutated_taiga_cold",
        "mutated_redwood_taiga",
        "mutated_redwood_taiga_hills",
        "mutated_extreme_hills_with_trees",
        "mutated_savanna",
        "mutated_savanna_rock",
        "mutated_mesa",
        "mutated_mesa_rock",
        "mutated_mesa_clear_rock"
      ]
    },
    {
      "name": "surfaceCobaltOre",
      "spawnBlock": "minecraft:stone",
      "miningLevel": "IRON",
      "minY": 64,
      "maxY": 256,
      "veinMinimum": 15,
      "veinMaximum": 24,
      "countMinimum": 15,
      "countMaximum": 29,
      "disableOre": true,
      "biomeList": [
        "ocean",
        "plains",
        "desert",
        "extreme_hills",
        "forest",
        "taiga",
        "swampland",
        "river",
        "frozen_ocean",
        "frozen_river",
        "ice_flats",
        "ice_mountains",
        "mushroom_island",
        "mushroom_island_shore",
        "beaches",
        "desert_hills",
        "forest_hills",
        "taiga_hills",
        "smaller_extreme_hills",
        "jungle",
        "jungle_hills",
        "jungle_edge",
        "deep_ocean",
        "stone_beach",
        "cold_beach",
        "birch_forest",
        "birch_forest_hills",
        "roofed_forest",
        "taiga_cold",
        "taiga_cold_hills",
        "redwood_taiga",
        "redwood_taiga_hills",
        "extreme_hills_with_trees",
        "savanna",
        "savanna_rock",
        "mesa",
        "mesa_rock",
        "mesa_clear_rock",
        "mutated_plains",
        "mutated_desert",
        "mutated_extreme_hills",
        "mutated_forest",
        "mutated_taiga",
        "mutated_swampland",
        "mutated_ice_flats",
        "mutated_jungle",
        "mutated_jungle_edge",
        "mutated_birch_forest",
        "mutated_birch_forest_hills",
        "mutated_roofed_forest",
        "mutated_taiga_cold",
        "mutated_redwood_taiga",
        "mutated_redwood_taiga_hills",
        "mutated_extreme_hills_with_trees",
        "mutated_savanna",
        "mutated_savanna_rock",
        "mutated_mesa",
        "mutated_mesa_rock",
        "mutated_mesa_clear_rock"
      ]
    },
    {
      "name": "surfaceCopperOre",
      "spawnBlock": "minecraft:stone",
      "miningLevel": "STONE",
      "minY": 10,
      "maxY": 256,
      "veinMinimum": 15,
      "veinMaximum": 30,
      "countMinimum": 15,
      "countMaximum": 29,
      "disableOre": false,
      "biomeList": [
        "ocean",
        "plains",
        "desert",
        "extreme_hills",
        "forest",
        "taiga",
        "swampland",
        "river",
        "frozen_ocean",
        "frozen_river",
        "ice_flats",
        "ice_mountains",
        "mushroom_island",
        "mushroom_island_shore",
        "beaches",
        "desert_hills",
        "forest_hills",
        "taiga_hills",
        "smaller_extreme_hills",
        "jungle",
        "jungle_hills",
        "jungle_edge",
        "deep_ocean",
        "stone_beach",
        "cold_beach",
        "birch_forest",
        "birch_forest_hills",
        "roofed_forest",
        "taiga_cold",
        "taiga_cold_hills",
        "redwood_taiga",
        "redwood_taiga_hills",
        "extreme_hills_with_trees",
        "savanna",
        "savanna_rock",
        "mesa",
        "mesa_rock",
        "mesa_clear_rock",
        "mutated_plains",
        "mutated_desert",
        "mutated_extreme_hills",
        "mutated_forest",
        "mutated_taiga",
        "mutated_swampland",
        "mutated_ice_flats",
        "mutated_jungle",
        "mutated_jungle_edge",
        "mutated_birch_forest",
        "mutated_birch_forest_hills",
        "mutated_roofed_forest",
        "mutated_taiga_cold",
        "mutated_redwood_taiga",
        "mutated_redwood_taiga_hills",
        "mutated_extreme_hills_with_trees",
        "mutated_savanna",
        "mutated_savanna_rock",
        "mutated_mesa",
        "mutated_mesa_rock",
        "mutated_mesa_clear_rock"
      ]
    },
    {
      "name": "surfaceDilithiumOre",
      "spawnBlock": "minecraft:stone",
      "miningLevel": "STONE",
      "minY": 0,
      "maxY": 21,
      "veinMinimum": 3,
      "veinMaximum": 4,
      "countMinimum": 15,
      "countMaximum": 29,
      "disableOre": false,
      "biomeList": [
        "ocean",
        "plains",
        "desert",
        "extreme_hills",
        "forest",
        "taiga",
        "swampland",
        "river",
        "frozen_ocean",
        "frozen_river",
        "ice_flats",
        "ice_mountains",
        "mushroom_island",
        "mushroom_island_shore",
        "beaches",
        "desert_hills",
        "forest_hills",
        "taiga_hills",
        "smaller_extreme_hills",
        "jungle",
        "jungle_hills",
        "jungle_edge",
        "deep_ocean",
        "stone_beach",
        "cold_beach",
        "birch_forest",
        "birch_forest_hills",
        "roofed_forest",
        "taiga_cold",
        "taiga_cold_hills",
        "redwood_taiga",
        "redwood_taiga_hills",
        "extreme_hills_with_trees",
        "savanna",
        "savanna_rock",
        "mesa",
        "mesa_rock",
        "mesa_clear_rock",
        "mutated_plains",
        "mutated_desert",
        "mutated_extreme_hills",
        "mutated_forest",
        "mutated_taiga",
        "mutated_swampland",
        "mutated_ice_flats",
        "mutated_jungle",
        "mutated_jungle_edge",
        "mutated_birch_forest",
        "mutated_birch_forest_hills",
        "mutated_roofed_forest",
        "mutated_taiga_cold",
        "mutated_redwood_taiga",
        "mutated_redwood_taiga_hills",
        "mutated_extreme_hills_with_trees",
        "mutated_savanna",
        "mutated_savanna_rock",
        "mutated_mesa",
        "mutated_mesa_rock",
        "mutated_mesa_clear_rock"
      ]
    },
    {
      "name": "surfaceGalenaOre",
      "spawnBlock": "minecraft:stone",
      "miningLevel": "MODDED",
      "minY": 10,
      "maxY": 60,
      "veinMinimum": 20,
      "veinMaximum": 24,
      "countMinimum": 15,
      "countMaximum": 29,
      "disableOre": false,
      "biomeList": [
        "ocean",
        "plains",
        "desert",
        "extreme_hills",
        "forest",
        "taiga",
        "swampland",
        "river",
        "frozen_ocean",
        "frozen_river",
        "ice_flats",
        "ice_mountains",
        "mushroom_island",
        "mushroom_island_shore",
        "beaches",
        "desert_hills",
        "forest_hills",
        "taiga_hills",
        "smaller_extreme_hills",
        "jungle",
        "jungle_hills",
        "jungle_edge",
        "deep_ocean",
        "stone_beach",
        "cold_beach",
        "birch_forest",
        "birch_forest_hills",
        "roofed_forest",
        "taiga_cold",
        "taiga_cold_hills",
        "redwood_taiga",
        "redwood_taiga_hills",
        "extreme_hills_with_trees",
        "savanna",
        "savanna_rock",
        "mesa",
        "mesa_rock",
        "mesa_clear_rock",
        "mutated_plains",
        "mutated_desert",
        "mutated_extreme_hills",
        "mutated_forest",
        "mutated_taiga",
        "mutated_swampland",
        "mutated_ice_flats",
        "mutated_jungle",
        "mutated_jungle_edge",
        "mutated_birch_forest",
        "mutated_birch_forest_hills",
        "mutated_roofed_forest",
        "mutated_taiga_cold",
        "mutated_redwood_taiga",
        "mutated_redwood_taiga_hills",
        "mutated_extreme_hills_with_trees",
        "mutated_savanna",
        "mutated_savanna_rock",
        "mutated_mesa",
        "mutated_mesa_rock",
        "mutated_mesa_clear_rock"
      ]
    },
    {
      "name": "surfaceIridiumOre",
      "spawnBlock": "minecraft:stone",
      "miningLevel": "IRON",
      "minY": 5,
      "maxY": 60,
      "veinMinimum": 3,
      "veinMaximum": 6,
      "countMinimum": 15,
      "countMaximum": 29,
      "disableOre": false,
      "biomeList": [
        "ocean",
        "plains",
        "desert",
        "extreme_hills",
        "forest",
        "taiga",
        "swampland",
        "river",
        "frozen_ocean",
        "frozen_river",
        "ice_flats",
        "ice_mountains",
        "mushroom_island",
        "mushroom_island_shore",
        "beaches",
        "desert_hills",
        "forest_hills",
        "taiga_hills",
        "smaller_extreme_hills",
        "jungle",
        "jungle_hills",
        "jungle_edge",
        "deep_ocean",
        "stone_beach",
        "cold_beach",
        "birch_forest",
        "birch_forest_hills",
        "roofed_forest",
        "taiga_cold",
        "taiga_cold_hills",
        "redwood_taiga",
        "redwood_taiga_hills",
        "extreme_hills_with_trees",
        "savanna",
        "savanna_rock",
        "mesa",
        "mesa_rock",
        "mesa_clear_rock",
        "mutated_plains",
        "mutated_desert",
        "mutated_extreme_hills",
        "mutated_forest",
        "mutated_taiga",
        "mutated_swampland",
        "mutated_ice_flats",
        "mutated_jungle",
        "mutated_jungle_edge",
        "mutated_birch_forest",
        "mutated_birch_forest_hills",
        "mutated_roofed_forest",
        "mutated_taiga_cold",
        "mutated_redwood_taiga",
        "mutated_redwood_taiga_hills",
        "mutated_extreme_hills_with_trees",
        "mutated_savanna",
        "mutated_savanna_rock",
        "mutated_mesa",
        "mutated_mesa_rock",
        "mutated_mesa_clear_rock"
      ]
    },
    {
      "name": "surfaceLeadOre",
      "spawnBlock": "minecraft:stone",
      "miningLevel": "IRON",
      "minY": 16,
      "maxY": 60,
      "veinMinimum": 10,
      "veinMaximum": 20,
      "countMinimum": 15,
      "countMaximum": 29,
      "disableOre": false,
      "biomeList": [
        "ocean",
        "plains",
        "desert",
        "extreme_hills",
        "forest",
        "taiga",
        "swampland",
        "river",
        "frozen_ocean",
        "frozen_river",
        "ice_flats",
        "ice_mountains",
        "mushroom_island",
        "mushroom_island_shore",
        "beaches",
        "desert_hills",
        "forest_hills",
        "taiga_hills",
        "smaller_extreme_hills",
        "jungle",
        "jungle_hills",
        "jungle_edge",
        "deep_ocean",
        "stone_beach",
        "cold_beach",
        "birch_forest",
        "birch_forest_hills",
        "roofed_forest",
        "taiga_cold",
        "taiga_cold_hills",
        "redwood_taiga",
        "redwood_taiga_hills",
        "extreme_hills_with_trees",
        "savanna",
        "savanna_rock",
        "mesa",
        "mesa_rock",
        "mesa_clear_rock",
        "mutated_plains",
        "mutated_desert",
        "mutated_extreme_hills",
        "mutated_forest",
        "mutated_taiga",
        "mutated_swampland",
        "mutated_ice_flats",
        "mutated_jungle",
        "mutated_jungle_edge",
        "mutated_birch_forest",
        "mutated_birch_forest_hills",
        "mutated_roofed_forest",
        "mutated_taiga_cold",
        "mutated_redwood_taiga",
        "mutated_redwood_taiga_hills",
        "mutated_extreme_hills_with_trees",
        "mutated_savanna",
        "mutated_savanna_rock",
        "mutated_mesa",
        "mutated_mesa_rock",
        "mutated_mesa_clear_rock"
      ]
    },
    {
      "name": "surfaceMagnetiteOre",
      "spawnBlock": "minecraft:stone",
      "miningLevel": "IRON",
      "minY": 0,
      "maxY": 69,
      "veinMinimum": 15,
      "veinMaximum": 20,
      "countMinimum": 15,
      "countMaximum": 29,
      "disableOre": false,
      "biomeList": [
        "ocean",
        "plains",
        "desert",
        "extreme_hills",
        "forest",
        "taiga",
        "swampland",
        "river",
        "frozen_ocean",
        "frozen_river",
        "ice_flats",
        "ice_mountains",
        "mushroom_island",
        "mushroom_island_shore",
        "beaches",
        "desert_hills",
        "forest_hills",
        "taiga_hills",
        "smaller_extreme_hills",
        "jungle",
        "jungle_hills",
        "jungle_edge",
        "deep_ocean",
        "stone_beach",
        "cold_beach",
        "birch_forest",
        "birch_forest_hills",
        "roofed_forest",
        "taiga_cold",
        "taiga_cold_hills",
        "redwood_taiga",
        "redwood_taiga_hills",
        "extreme_hills_with_trees",
        "savanna",
        "savanna_rock",
        "mesa",
        "mesa_rock",
        "mesa_clear_rock",
        "mutated_plains",
        "mutated_desert",
        "mutated_extreme_hills",
        "mutated_forest",
        "mutated_taiga",
        "mutated_swampland",
        "mutated_ice_flats",
        "mutated_jungle",
        "mutated_jungle_edge",
        "mutated_birch_forest",
        "mutated_birch_forest_hills",
        "mutated_roofed_forest",
        "mutated_taiga_cold",
        "mutated_redwood_taiga",
        "mutated_redwood_taiga_hills",
        "mutated_extreme_hills_with_trees",
        "mutated_savanna",
        "mutated_savanna_rock",
        "mutated_mesa",
        "mutated_mesa_rock",
        "mutated_mesa_clear_rock"
      ]
    },
    {
      "name": "surfaceNickelOre",
      "spawnBlock": "minecraft:stone",
      "miningLevel": "STONE",
      "minY": 8,
      "maxY": 24,
      "veinMinimum": 3,
      "veinMaximum": 6,
      "countMinimum": 19,
      "countMaximum": 29,
      "disableOre": false,
      "biomeList": [
        "ocean",
        "plains",
        "desert",
        "extreme_hills",
        "forest",
        "taiga",
        "swampland",
        "river",
        "frozen_ocean",
        "frozen_river",
        "ice_flats",
        "ice_mountains",
        "mushroom_island",
        "mushroom_island_shore",
        "beaches",
        "desert_hills",
        "forest_hills",
        "taiga_hills",
        "smaller_extreme_hills",
        "jungle",
        "jungle_hills",
        "jungle_edge",
        "deep_ocean",
        "stone_beach",
        "cold_beach",
        "birch_forest",
        "birch_forest_hills",
        "roofed_forest",
        "taiga_cold",
        "taiga_cold_hills",
        "redwood_taiga",
        "redwood_taiga_hills",
        "extreme_hills_with_trees",
        "savanna",
        "savanna_rock",
        "mesa",
        "mesa_rock",
        "mesa_clear_rock",
        "mutated_plains",
        "mutated_desert",
        "mutated_extreme_hills",
        "mutated_forest",
        "mutated_taiga",
        "mutated_swampland",
        "mutated_ice_flats",
        "mutated_jungle",
        "mutated_jungle_edge",
        "mutated_birch_forest",
        "mutated_birch_forest_hills",
        "mutated_roofed_forest",
        "mutated_taiga_cold",
        "mutated_redwood_taiga",
        "mutated_redwood_taiga_hills",
        "mutated_extreme_hills_with_trees",
        "mutated_savanna",
        "mutated_savanna_rock",
        "mutated_mesa",
        "mutated_mesa_rock",
        "mutated_mesa_clear_rock"
      ]
    },
    {
      "name": "surfaceOsmiumOre",
      "spawnBlock": "minecraft:stone",
      "miningLevel": "MODDED",
      "minY": 0,
      "maxY": 256,
      "veinMinimum": 8,
      "veinMaximum": 12,
      "countMinimum": 15,
      "countMaximum": 30,
      "disableOre": false,
      "biomeList": [
        "ocean",
        "plains",
        "desert",
        "extreme_hills",
        "forest",
        "taiga",
        "swampland",
        "river",
        "frozen_ocean",
        "frozen_river",
        "ice_flats",
        "ice_mountains",
        "mushroom_island",
        "mushroom_island_shore",
        "beaches",
        "desert_hills",
        "forest_hills",
        "taiga_hills",
        "smaller_extreme_hills",
        "jungle",
        "jungle_hills",
        "jungle_edge",
        "deep_ocean",
        "stone_beach",
        "cold_beach",
        "birch_forest",
        "birch_forest_hills",
        "roofed_forest",
        "taiga_cold",
        "taiga_cold_hills",
        "redwood_taiga",
        "redwood_taiga_hills",
        "extreme_hills_with_trees",
        "savanna",
        "savanna_rock",
        "mesa",
        "mesa_rock",
        "mesa_clear_rock",
        "mutated_plains",
        "mutated_desert",
        "mutated_extreme_hills",
        "mutated_forest",
        "mutated_taiga",
        "mutated_swampland",
        "mutated_ice_flats",
        "mutated_jungle",
        "mutated_jungle_edge",
        "mutated_birch_forest",
        "mutated_birch_forest_hills",
        "mutated_roofed_forest",
        "mutated_taiga_cold",
        "mutated_redwood_taiga",
        "mutated_redwood_taiga_hills",
        "mutated_extreme_hills_with_trees",
        "mutated_savanna",
        "mutated_savanna_rock",
        "mutated_mesa",
        "mutated_mesa_rock",
        "mutated_mesa_clear_rock"
      ]
    },
    {
      "name": "surfacePeridotOre",
      "spawnBlock": "minecraft:stone",
      "miningLevel": "IRON",
      "minY": 10,
      "maxY": 60,
      "veinMinimum": 12,
      "veinMaximum": 18,
      "countMinimum": 15,
      "countMaximum": 30,
      "disableOre": true,
      "biomeList": [
        "ocean",
        "plains",
        "desert",
        "extreme_hills",
        "forest",
        "taiga",
        "swampland",
        "river",
        "frozen_ocean",
        "frozen_river",
        "ice_flats",
        "ice_mountains",
        "mushroom_island",
        "mushroom_island_shore",
        "beaches",
        "desert_hills",
        "forest_hills",
        "taiga_hills",
        "smaller_extreme_hills",
        "jungle",
        "jungle_hills",
        "jungle_edge",
        "deep_ocean",
        "stone_beach",
        "cold_beach",
        "birch_forest",
        "birch_forest_hills",
        "roofed_forest",
        "taiga_cold",
        "taiga_cold_hills",
        "redwood_taiga",
        "redwood_taiga_hills",
        "extreme_hills_with_trees",
        "savanna",
        "savanna_rock",
        "mesa",
        "mesa_rock",
        "mesa_clear_rock",
        "mutated_plains",
        "mutated_desert",
        "mutated_extreme_hills",
        "mutated_forest",
        "mutated_taiga",
        "mutated_swampland",
        "mutated_ice_flats",
        "mutated_jungle",
        "mutated_jungle_edge",
        "mutated_birch_forest",
        "mutated_birch_forest_hills",
        "mutated_roofed_forest",
        "mutated_taiga_cold",
        "mutated_redwood_taiga",
        "mutated_redwood_taiga_hills",
        "mutated_extreme_hills_with_trees",
        "mutated_savanna",
        "mutated_savanna_rock",
        "mutated_mesa",
        "mutated_mesa_rock",
        "mutated_mesa_clear_rock"
      ]
    },
    {
      "name": "surfacePlatinumOre",
      "spawnBlock": "minecraft:stone",
      "miningLevel": "IRON",
      "minY": 0,
      "maxY": 256,
      "veinMinimum": 8,
      "veinMaximum": 10,
      "countMinimum": 15,
      "countMaximum": 22,
      "disableOre": false,
      "biomeList": [
        "ocean",
        "plains",
        "desert",
        "extreme_hills",
        "forest",
        "taiga",
        "swampland",
        "river",
        "frozen_ocean",
        "frozen_river",
        "ice_flats",
        "ice_mountains",
        "mushroom_island",
        "mushroom_island_shore",
        "beaches",
        "desert_hills",
        "forest_hills",
        "taiga_hills",
        "smaller_extreme_hills",
        "jungle",
        "jungle_hills",
        "jungle_edge",
        "deep_ocean",
        "stone_beach",
        "cold_beach",
        "birch_forest",
        "birch_forest_hills",
        "roofed_forest",
        "taiga_cold",
        "taiga_cold_hills",
        "redwood_taiga",
        "redwood_taiga_hills",
        "extreme_hills_with_trees",
        "savanna",
        "savanna_rock",
        "mesa",
        "mesa_rock",
        "mesa_clear_rock",
        "mutated_plains",
        "mutated_desert",
        "mutated_extreme_hills",
        "mutated_forest",
        "mutated_taiga",
        "mutated_swampland",
        "mutated_ice_flats",
        "mutated_jungle",
        "mutated_jungle_edge",
        "mutated_birch_forest",
        "mutated_birch_forest_hills",
        "mutated_roofed_forest",
        "mutated_taiga_cold",
        "mutated_redwood_taiga",
        "mutated_redwood_taiga_hills",
        "mutated_extreme_hills_with_trees",
        "mutated_savanna",
        "mutated_savanna_rock",
        "mutated_mesa",
        "mutated_mesa_rock",
        "mutated_mesa_clear_rock"
      ]
    },
    {
      "name": "surfacePyriteOre",
      "spawnBlock": "minecraft:stone",
      "miningLevel": "IRON",
      "minY": 10,
      "maxY": 60,
      "veinMinimum": 8,
      "veinMaximum": 12,
      "countMinimum": 14,
      "countMaximum": 29,
      "disableOre": true,
      "biomeList": [
        "ocean",
        "plains",
        "desert",
        "extreme_hills",
        "forest",
        "taiga",
        "swampland",
        "river",
        "frozen_ocean",
        "frozen_river",
        "ice_flats",
        "ice_mountains",
        "mushroom_island",
        "mushroom_island_shore",
        "beaches",
        "desert_hills",
        "forest_hills",
        "taiga_hills",
        "smaller_extreme_hills",
        "jungle",
        "jungle_hills",
        "jungle_edge",
        "deep_ocean",
        "stone_beach",
        "cold_beach",
        "birch_forest",
        "birch_forest_hills",
        "roofed_forest",
        "taiga_cold",
        "taiga_cold_hills",
        "redwood_taiga",
        "redwood_taiga_hills",
        "extreme_hills_with_trees",
        "savanna",
        "savanna_rock",
        "mesa",
        "mesa_rock",
        "mesa_clear_rock",
        "mutated_plains",
        "mutated_desert",
        "mutated_extreme_hills",
        "mutated_forest",
        "mutated_taiga",
        "mutated_swampland",
        "mutated_ice_flats",
        "mutated_jungle",
        "mutated_jungle_edge",
        "mutated_birch_forest",
        "mutated_birch_forest_hills",
        "mutated_roofed_forest",
        "mutated_taiga_cold",
        "mutated_redwood_taiga",
        "mutated_redwood_taiga_hills",
        "mutated_extreme_hills_with_trees",
        "mutated_savanna",
        "mutated_savanna_rock",
        "mutated_mesa",
        "mutated_mesa_rock",
        "mutated_mesa_clear_rock"
      ]
    },
    {
      "name": "surfaceQuartzOre",
      "spawnBlock": "minecraft:stone",
      "miningLevel": "WOODEN",
      "minY": 0,
      "maxY": 21,
      "veinMinimum": 4,
      "veinMaximum": 9,
      "countMinimum": 13,
      "countMaximum": 26,
      "disableOre": false,
      "biomeList": [
        "ocean",
        "plains",
        "desert",
        "extreme_hills",
        "forest",
        "taiga",
        "swampland",
        "river",
        "frozen_ocean",
        "frozen_river",
        "ice_flats",
        "ice_mountains",
        "mushroom_island",
        "mushroom_island_shore",
        "beaches",
        "desert_hills",
        "forest_hills",
        "taiga_hills",
        "smaller_extreme_hills",
        "jungle",
        "jungle_hills",
        "jungle_edge",
        "deep_ocean",
        "stone_beach",
        "cold_beach",
        "birch_forest",
        "birch_forest_hills",
        "roofed_forest",
        "taiga_cold",
        "taiga_cold_hills",
        "redwood_taiga",
        "redwood_taiga_hills",
        "extreme_hills_with_trees",
        "savanna",
        "savanna_rock",
        "mesa",
        "mesa_rock",
        "mesa_clear_rock",
        "mutated_plains",
        "mutated_desert",
        "mutated_extreme_hills",
        "mutated_forest",
        "mutated_taiga",
        "mutated_swampland",
        "mutated_ice_flats",
        "mutated_jungle",
        "mutated_jungle_edge",
        "mutated_birch_forest",
        "mutated_birch_forest_hills",
        "mutated_roofed_forest",
        "mutated_taiga_cold",
        "mutated_redwood_taiga",
        "mutated_redwood_taiga_hills",
        "mutated_extreme_hills_with_trees",
        "mutated_savanna",
        "mutated_savanna_rock",
        "mutated_mesa",
        "mutated_mesa_rock",
        "mutated_mesa_clear_rock"
      ]
    },
    {
      "name": "surfaceRubyOre",
      "spawnBlock": "minecraft:stone",
      "miningLevel": "IRON",
      "minY": 10,
      "maxY": 60,
      "veinMinimum": 8,
      "veinMaximum": 12,
      "countMinimum": 14,
      "countMaximum": 29,
      "disableOre": false,
      "biomeList": [
        "ocean",
        "plains",
        "desert",
        "extreme_hills",
        "forest",
        "taiga",
        "swampland",
        "river",
        "frozen_ocean",
        "frozen_river",
        "ice_flats",
        "ice_mountains",
        "mushroom_island",
        "mushroom_island_shore",
        "beaches",
        "desert_hills",
        "forest_hills",
        "taiga_hills",
        "smaller_extreme_hills",
        "jungle",
        "jungle_hills",
        "jungle_edge",
        "deep_ocean",
        "stone_beach",
        "cold_beach",
        "birch_forest",
        "birch_forest_hills",
        "roofed_forest",
        "taiga_cold",
        "taiga_cold_hills",
        "redwood_taiga",
        "redwood_taiga_hills",
        "extreme_hills_with_trees",
        "savanna",
        "savanna_rock",
        "mesa",
        "mesa_rock",
        "mesa_clear_rock",
        "mutated_plains",
        "mutated_desert",
        "mutated_extreme_hills",
        "mutated_forest",
        "mutated_taiga",
        "mutated_swampland",
        "mutated_ice_flats",
        "mutated_jungle",
        "mutated_jungle_edge",
        "mutated_birch_forest",
        "mutated_birch_forest_hills",
        "mutated_roofed_forest",
        "mutated_taiga_cold",
        "mutated_redwood_taiga",
        "mutated_redwood_taiga_hills",
        "mutated_extreme_hills_with_trees",
        "mutated_savanna",
        "mutated_savanna_rock",
        "mutated_mesa",
        "mutated_mesa_rock",
        "mutated_mesa_clear_rock"
      ]
    },
    {
      "name": "surfaceRutileOre",
      "spawnBlock": "minecraft:stone",
      "miningLevel": "IRON",
      "minY": 5,
      "maxY": 60,
      "veinMinimum": 3,
      "veinMaximum": 10,
      "countMinimum": 15,
      "countMaximum": 28,
      "disableOre": false,
      "biomeList": [
        "ocean",
        "plains",
        "desert",
        "extreme_hills",
        "forest",
        "taiga",
        "swampland",
        "river",
        "frozen_ocean",
        "frozen_river",
        "ice_flats",
        "ice_mountains",
        "mushroom_island",
        "mushroom_island_shore",
        "beaches",
        "desert_hills",
        "forest_hills",
        "taiga_hills",
        "smaller_extreme_hills",
        "jungle",
        "jungle_hills",
        "jungle_edge",
        "deep_ocean",
        "stone_beach",
        "cold_beach",
        "birch_forest",
        "birch_forest_hills",
        "roofed_forest",
        "taiga_cold",
        "taiga_cold_hills",
        "redwood_taiga",
        "redwood_taiga_hills",
        "extreme_hills_with_trees",
        "savanna",
        "savanna_rock",
        "mesa",
        "mesa_rock",
        "mesa_clear_rock",
        "mutated_plains",
        "mutated_desert",
        "mutated_extreme_hills",
        "mutated_forest",
        "mutated_taiga",
        "mutated_swampland",
        "mutated_ice_flats",
        "mutated_jungle",
        "mutated_jungle_edge",
        "mutated_birch_forest",
        "mutated_birch_forest_hills",
        "mutated_roofed_forest",
        "mutated_taiga_cold",
        "mutated_redwood_taiga",
        "mutated_redwood_taiga_hills",
        "mutated_extreme_hills_with_trees",
        "mutated_savanna",
        "mutated_savanna_rock",
        "mutated_mesa",
        "mutated_mesa_rock",
        "mutated_mesa_clear_rock"
      ]
    },
    {
      "name": "surfaceSapphireOre",
      "spawnBlock": "minecraft:stone",
      "miningLevel": "IRON",
      "minY": 10,
      "maxY": 60,
      "veinMinimum": 8,
      "veinMaximum": 12,
      "countMinimum": 14,
      "countMaximum": 29,
      "disableOre": false,
      "biomeList": [
        "ocean",
        "plains",
        "desert",
        "extreme_hills",
        "forest",
        "taiga",
        "swampland",
        "river",
        "frozen_ocean",
        "frozen_river",
        "ice_flats",
        "ice_mountains",
        "mushroom_island",
        "mushroom_island_shore",
        "beaches",
        "desert_hills",
        "forest_hills",
        "taiga_hills",
        "smaller_extreme_hills",
        "jungle",
        "jungle_hills",
        "jungle_edge",
        "deep_ocean",
        "stone_beach",
        "cold_beach",
        "birch_forest",
        "birch_forest_hills",
        "roofed_forest",
        "taiga_cold",
        "taiga_cold_hills",
        "redwood_taiga",
        "redwood_taiga_hills",
        "extreme_hills_with_trees",
        "savanna",
        "savanna_rock",
        "mesa",
        "mesa_rock",
        "mesa_clear_rock",
        "mutated_plains",
        "mutated_desert",
        "mutated_extreme_hills",
        "mutated_forest",
        "mutated_taiga",
        "mutated_swampland",
        "mutated_ice_flats",
        "mutated_jungle",
        "mutated_jungle_edge",
        "mutated_birch_forest",
        "mutated_birch_forest_hills",
        "mutated_roofed_forest",
        "mutated_taiga_cold",
        "mutated_redwood_taiga",
        "mutated_redwood_taiga_hills",
        "mutated_extreme_hills_with_trees",
        "mutated_savanna",
        "mutated_savanna_rock",
        "mutated_mesa",
        "mutated_mesa_rock",
        "mutated_mesa_clear_rock"
      ]
    },
    {
      "name": "surfaceSheldoniteOre",
      "spawnBlock": "minecraft:stone",
      "miningLevel": "IRON",
      "minY": 10,
      "maxY": 60,
      "veinMinimum": 8,
      "veinMaximum": 12,
      "countMinimum": 14,
      "countMaximum": 29,
      "disableOre": true,
      "biomeList": [
        "ocean",
        "plains",
        "desert",
        "extreme_hills",
        "forest",
        "taiga",
        "swampland",
        "river",
        "frozen_ocean",
        "frozen_river",
        "ice_flats",
        "ice_mountains",
        "mushroom_island",
        "mushroom_island_shore",
        "beaches",
        "desert_hills",
        "forest_hills",
        "taiga_hills",
        "smaller_extreme_hills",
        "jungle",
        "jungle_hills",
        "jungle_edge",
        "deep_ocean",
        "stone_beach",
        "cold_beach",
        "birch_forest",
        "birch_forest_hills",
        "roofed_forest",
        "taiga_cold",
        "taiga_cold_hills",
        "redwood_taiga",
        "redwood_taiga_hills",
        "extreme_hills_with_trees",
        "savanna",
        "savanna_rock",
        "mesa",
        "mesa_rock",
        "mesa_clear_rock",
        "mutated_plains",
        "mutated_desert",
        "mutated_extreme_hills",
        "mutated_forest",
        "mutated_taiga",
        "mutated_swampland",
        "mutated_ice_flats",
        "mutated_jungle",
        "mutated_jungle_edge",
        "mutated_birch_forest",
        "mutated_birch_forest_hills",
        "mutated_roofed_forest",
        "mutated_taiga_cold",
        "mutated_redwood_taiga",
        "mutated_redwood_taiga_hills",
        "mutated_extreme_hills_with_trees",
        "mutated_savanna",
        "mutated_savanna_rock",
        "mutated_mesa",
        "mutated_mesa_rock",
        "mutated_mesa_clear_rock"
      ]
    },
    {
      "name": "surfaceSilverOre",
      "spawnBlock": "minecraft:stone",
      "miningLevel": "IRON",
      "minY": 8,
      "maxY": 40,
      "veinMinimum": 3,
      "veinMaximum": 4,
      "countMinimum": 13,
      "countMaximum": 26,
      "disableOre": false,
      "biomeList": [
        "ocean",
        "plains",
        "desert",
        "extreme_hills",
        "forest",
        "taiga",
        "swampland",
        "river",
        "frozen_ocean",
        "frozen_river",
        "ice_flats",
        "ice_mountains",
        "mushroom_island",
        "mushroom_island_shore",
        "beaches",
        "desert_hills",
        "forest_hills",
        "taiga_hills",
        "smaller_extreme_hills",
        "jungle",
        "jungle_hills",
        "jungle_edge",
        "deep_ocean",
        "stone_beach",
        "cold_beach",
        "birch_forest",
        "birch_forest_hills",
        "roofed_forest",
        "taiga_cold",
        "taiga_cold_hills",
        "redwood_taiga",
        "redwood_taiga_hills",
        "extreme_hills_with_trees",
        "savanna",
        "savanna_rock",
        "mesa",
        "mesa_rock",
        "mesa_clear_rock",
        "mutated_plains",
        "mutated_desert",
        "mutated_extreme_hills",
        "mutated_forest",
        "mutated_taiga",
        "mutated_swampland",
        "mutated_ice_flats",
        "mutated_jungle",
        "mutated_jungle_edge",
        "mutated_birch_forest",
        "mutated_birch_forest_hills",
        "mutated_roofed_forest",
        "mutated_taiga_cold",
        "mutated_redwood_taiga",
        "mutated_redwood_taiga_hills",
        "mutated_extreme_hills_with_trees",
        "mutated_savanna",
        "mutated_savanna_rock",
        "mutated_mesa",
        "mutated_mesa_rock",
        "mutated_mesa_clear_rock"
      ]
    },
    {
      "name": "surfaceSodaliteOre",
      "spawnBlock": "minecraft:stone",
      "miningLevel": "IRON",
      "minY": 10,
      "maxY": 60,
      "veinMinimum": 8,
      "veinMaximum": 12,
      "countMinimum": 14,
      "countMaximum": 29,
      "disableOre": true,
      "biomeList": [
        "ocean",
        "plains",
        "desert",
        "extreme_hills",
        "forest",
        "taiga",
        "swampland",
        "river",
        "frozen_ocean",
        "frozen_river",
        "ice_flats",
        "ice_mountains",
        "mushroom_island",
        "mushroom_island_shore",
        "beaches",
        "desert_hills",
        "forest_hills",
        "taiga_hills",
        "smaller_extreme_hills",
        "jungle",
        "jungle_hills",
        "jungle_edge",
        "deep_ocean",
        "stone_beach",
        "cold_beach",
        "birch_forest",
        "birch_forest_hills",
        "roofed_forest",
        "taiga_cold",
        "taiga_cold_hills",
        "redwood_taiga",
        "redwood_taiga_hills",
        "extreme_hills_with_trees",
        "savanna",
        "savanna_rock",
        "mesa",
        "mesa_rock",
        "mesa_clear_rock",
        "mutated_plains",
        "mutated_desert",
        "mutated_extreme_hills",
        "mutated_forest",
        "mutated_taiga",
        "mutated_swampland",
        "mutated_ice_flats",
        "mutated_jungle",
        "mutated_jungle_edge",
        "mutated_birch_forest",
        "mutated_birch_forest_hills",
        "mutated_roofed_forest",
        "mutated_taiga_cold",
        "mutated_redwood_taiga",
        "mutated_redwood_taiga_hills",
        "mutated_extreme_hills_with_trees",
        "mutated_savanna",
        "mutated_savanna_rock",
        "mutated_mesa",
        "mutated_mesa_rock",
        "mutated_mesa_clear_rock"
      ]
    },
    {
      "name": "surfaceSphaleriteOre",
      "spawnBlock": "minecraft:stone",
      "miningLevel": "IRON",
      "minY": 10,
      "maxY": 60,
      "veinMinimum": 8,
      "veinMaximum": 12,
      "countMinimum": 14,
      "countMaximum": 29,
      "disableOre": true,
      "biomeList": [
        "ocean",
        "plains",
        "desert",
        "extreme_hills",
        "forest",
        "taiga",
        "swampland",
        "river",
        "frozen_ocean",
        "frozen_river",
        "ice_flats",
        "ice_mountains",
        "mushroom_island",
        "mushroom_island_shore",
        "beaches",
        "desert_hills",
        "forest_hills",
        "taiga_hills",
        "smaller_extreme_hills",
        "jungle",
        "jungle_hills",
        "jungle_edge",
        "deep_ocean",
        "stone_beach",
        "cold_beach",
        "birch_forest",
        "birch_forest_hills",
        "roofed_forest",
        "taiga_cold",
        "taiga_cold_hills",
        "redwood_taiga",
        "redwood_taiga_hills",
        "extreme_hills_with_trees",
        "savanna",
        "savanna_rock",
        "mesa",
        "mesa_rock",
        "mesa_clear_rock",
        "mutated_plains",
        "mutated_desert",
        "mutated_extreme_hills",
        "mutated_forest",
        "mutated_taiga",
        "mutated_swampland",
        "mutated_ice_flats",
        "mutated_jungle",
        "mutated_jungle_edge",
        "mutated_birch_forest",
        "mutated_birch_forest_hills",
        "mutated_roofed_forest",
        "mutated_taiga_cold",
        "mutated_redwood_taiga",
        "mutated_redwood_taiga_hills",
        "mutated_extreme_hills_with_trees",
        "mutated_savanna",
        "mutated_savanna_rock",
        "mutated_mesa",
        "mutated_mesa_rock",
        "mutated_mesa_clear_rock"
      ]
    },
    {
      "name": "surfaceTinOre",
      "spawnBlock": "minecraft:stone",
      "miningLevel": "STONE",
      "minY": 20,
      "maxY": 256,
      "veinMinimum": 16,
      "veinMaximum": 32,
      "countMinimum": 13,
      "countMaximum": 39,
      "disableOre": false,
      "biomeList": [
        "ocean",
        "plains",
        "desert",
        "extreme_hills",
        "forest",
        "taiga",
        "swampland",
        "river",
        "frozen_ocean",
        "frozen_river",
        "ice_flats",
        "ice_mountains",
        "mushroom_island",
        "mushroom_island_shore",
        "beaches",
        "desert_hills",
        "forest_hills",
        "taiga_hills",
        "smaller_extreme_hills",
        "jungle",
        "jungle_hills",
        "jungle_edge",
        "deep_ocean",
        "stone_beach",
        "cold_beach",
        "birch_forest",
        "birch_forest_hills",
        "roofed_forest",
        "taiga_cold",
        "taiga_cold_hills",
        "redwood_taiga",
        "redwood_taiga_hills",
        "extreme_hills_with_trees",
        "savanna",
        "savanna_rock",
        "mesa",
        "mesa_rock",
        "mesa_clear_rock",
        "mutated_plains",
        "mutated_desert",
        "mutated_extreme_hills",
        "mutated_forest",
        "mutated_taiga",
        "mutated_swampland",
        "mutated_ice_flats",
        "mutated_jungle",
        "mutated_jungle_edge",
        "mutated_birch_forest",
        "mutated_birch_forest_hills",
        "mutated_roofed_forest",
        "mutated_taiga_cold",
        "mutated_redwood_taiga",
        "mutated_redwood_taiga_hills",
        "mutated_extreme_hills_with_trees",
        "mutated_savanna",
        "mutated_savanna_rock",
        "mutated_mesa",
        "mutated_mesa_rock",
        "mutated_mesa_clear_rock"
      ]
    },
    {
      "name": "surfaceTungstenOre",
      "spawnBlock": "minecraft:stone",
      "miningLevel": "IRON",
      "minY": 10,
      "maxY": 60,
      "veinMinimum": 8,
      "veinMaximum": 12,
      "countMinimum": 14,
      "countMaximum": 29,
      "disableOre": true,
      "biomeList": [
        "ocean",
        "plains",
        "desert",
        "extreme_hills",
        "forest",
        "taiga",
        "swampland",
        "river",
        "frozen_ocean",
        "frozen_river",
        "ice_flats",
        "ice_mountains",
        "mushroom_island",
        "mushroom_island_shore",
        "beaches",
        "desert_hills",
        "forest_hills",
        "taiga_hills",
        "smaller_extreme_hills",
        "jungle",
        "jungle_hills",
        "jungle_edge",
        "deep_ocean",
        "stone_beach",
        "cold_beach",
        "birch_forest",
        "birch_forest_hills",
        "roofed_forest",
        "taiga_cold",
        "taiga_cold_hills",
        "redwood_taiga",
        "redwood_taiga_hills",
        "extreme_hills_with_trees",
        "savanna",
        "savanna_rock",
        "mesa",
        "mesa_rock",
        "mesa_clear_rock",
        "mutated_plains",
        "mutated_desert",
        "mutated_extreme_hills",
        "mutated_forest",
        "mutated_taiga",
        "mutated_swampland",
        "mutated_ice_flats",
        "mutated_jungle",
        "mutated_jungle_edge",
        "mutated_birch_forest",
        "mutated_birch_forest_hills",
        "mutated_roofed_forest",
        "mutated_taiga_cold",
        "mutated_redwood_taiga",
        "mutated_redwood_taiga_hills",
        "mutated_extreme_hills_with_trees",
        "mutated_savanna",
        "mutated_savanna_rock",
        "mutated_mesa",
        "mutated_mesa_rock",
        "mutated_mesa_clear_rock"
      ]
    },
    {
      "name": "surfaceUraniumOre",
      "spawnBlock": "minecraft:stone",
      "miningLevel": "IRON",
      "minY": 0,
      "maxY": 60,
      "veinMinimum": 3,
      "veinMaximum": 4,
      "countMinimum": 14,
      "countMaximum": 28,
      "disableOre": false,
      "biomeList": [
        "ocean",
        "plains",
        "desert",
        "extreme_hills",
        "forest",
        "taiga",
        "swampland",
        "river",
        "frozen_ocean",
        "frozen_river",
        "ice_flats",
        "ice_mountains",
        "mushroom_island",
        "mushroom_island_shore",
        "beaches",
        "desert_hills",
        "forest_hills",
        "taiga_hills",
        "smaller_extreme_hills",
        "jungle",
        "jungle_hills",
        "jungle_edge",
        "deep_ocean",
        "stone_beach",
        "cold_beach",
        "birch_forest",
        "birch_forest_hills",
        "roofed_forest",
        "taiga_cold",
        "taiga_cold_hills",
        "redwood_taiga",
        "redwood_taiga_hills",
        "extreme_hills_with_trees",
        "savanna",
        "savanna_rock",
        "mesa",
        "mesa_rock",
        "mesa_clear_rock",
        "mutated_plains",
        "mutated_desert",
        "mutated_extreme_hills",
        "mutated_forest",
        "mutated_taiga",
        "mutated_swampland",
        "mutated_ice_flats",
        "mutated_jungle",
        "mutated_jungle_edge",
        "mutated_birch_forest",
        "mutated_birch_forest_hills",
        "mutated_roofed_forest",
        "mutated_taiga_cold",
        "mutated_redwood_taiga",
        "mutated_redwood_taiga_hills",
        "mutated_extreme_hills_with_trees",
        "mutated_savanna",
        "mutated_savanna_rock",
        "mutated_mesa",
        "mutated_mesa_rock",
        "mutated_mesa_clear_rock"
      ]
    },
    {
      "name": "surfaceZincOre",
      "spawnBlock": "minecraft:stone",
      "miningLevel": "IRON",
      "minY": 0,
      "maxY": 69,
      "veinMinimum": 6,
      "veinMaximum": 9,
      "countMinimum": 15,
      "countMaximum": 39,
      "disableOre": false,
      "biomeList": [
        "ocean",
        "plains",
        "desert",
        "extreme_hills",
        "forest",
        "taiga",
        "swampland",
        "river",
        "frozen_ocean",
        "frozen_river",
        "ice_flats",
        "ice_mountains",
        "mushroom_island",
        "mushroom_island_shore",
        "beaches",
        "desert_hills",
        "forest_hills",
        "taiga_hills",
        "smaller_extreme_hills",
        "jungle",
        "jungle_hills",
        "jungle_edge",
        "deep_ocean",
        "stone_beach",
        "cold_beach",
        "birch_forest",
        "birch_forest_hills",
        "roofed_forest",
        "taiga_cold",
        "taiga_cold_hills",
        "redwood_taiga",
        "redwood_taiga_hills",
        "extreme_hills_with_trees",
        "savanna",
        "savanna_rock",
        "mesa",
        "mesa_rock",
        "mesa_clear_rock",
        "mutated_plains",
        "mutated_desert",
        "mutated_extreme_hills",
        "mutated_forest",
        "mutated_taiga",
        "mutated_swampland",
        "mutated_ice_flats",
        "mutated_jungle",
        "mutated_jungle_edge",
        "mutated_birch_forest",
        "mutated_birch_forest_hills",
        "mutated_roofed_forest",
        "mutated_taiga_cold",
        "mutated_redwood_taiga",
        "mutated_redwood_taiga_hills",
        "mutated_extreme_hills_with_trees",
        "mutated_savanna",
        "mutated_savanna_rock",
        "mutated_mesa",
        "mutated_mesa_rock",
        "mutated_mesa_clear_rock"
      ]
    }
  ],
  "NetherOres": [
    {
      "name": "netherAluminumOre",
      "spawnBlock": "minecraft:netherrack",
      "miningLevel": "IRON",
      "minY": 0,
      "maxY": 126,
      "veinMinimum": 48,
      "veinMaximum": 72,
      "countMinimum": 16,
      "countMaximum": 40,
      "disableOre": false,
      "biomeList": [
        "hell"
      ]
    },
    {
      "name": "netherArditeOre",
      "spawnBlock": "minecraft:netherrack",
      "miningLevel": "IRON",
      "minY": 0,
      "maxY": 126,
      "veinMinimum": 7,
      "veinMaximum": 10,
      "countMinimum": 7,
      "countMaximum": 19,
      "disableOre": false,
      "biomeList": [
        "hell"
      ]
    },
    {
      "name": "netherCertusQuartzOre",
      "spawnBlock": "minecraft:netherrack",
      "miningLevel": "STONE",
      "minY": 0,
      "maxY": 126,
      "veinMinimum": 20,
      "veinMaximum": 36,
      "countMinimum": 15,
      "countMaximum": 29,
      "disableOre": false,
      "biomeList": [
        "hell"
      ]
    },
    {
      "name": "netherChargedCertusQuartzOre",
      "spawnBlock": "minecraft:netherrack",
      "miningLevel": "STONE",
      "minY": 0,
      "maxY": 126,
      "veinMinimum": 20,
      "veinMaximum": 36,
      "countMinimum": 15,
      "countMaximum": 29,
      "disableOre": false,
      "biomeList": [
        "hell"
      ]
    },
    {
      "name": "netherCinnabarOre",
      "spawnBlock": "minecraft:netherrack",
      "miningLevel": "IRON",
      "minY": 10,
      "maxY": 126,
      "veinMinimum": 12,
      "veinMaximum": 20,
      "countMinimum": 14,
      "countMaximum": 29,
      "disableOre": false,
      "biomeList": [
        "hell"
      ]
    },
    {
      "name": "netherCoalOre",
      "spawnBlock": "minecraft:netherrack",
      "miningLevel": "WOODEN",
      "minY": 0,
      "maxY": 126,
      "veinMinimum": 20,
      "veinMaximum": 36,
      "countMinimum": 12,
      "countMaximum": 37,
      "disableOre": false,
      "biomeList": [
        "hell"
      ]
    },
    {
      "name": "netherCobaltOre",
      "spawnBlock": "minecraft:netherrack",
      "miningLevel": "IRON",
      "minY": 0,
      "maxY": 126,
      "veinMinimum": 7,
      "veinMaximum": 10,
      "countMinimum": 15,
      "countMaximum": 38,
      "disableOre": false,
      "biomeList": [
        "hell"
      ]
    },
    {
      "name": "netherCopperOre",
      "spawnBlock": "minecraft:netherrack",
      "miningLevel": "IRON",
      "minY": 0,
      "maxY": 126,
      "veinMinimum": 15,
      "veinMaximum": 30,
      "countMinimum": 15,
      "countMaximum": 39,
      "disableOre": false,
      "biomeList": [
        "hell"
      ]
    },
    {
      "name": "netherDiamondOre",
      "spawnBlock": "minecraft:netherrack",
      "miningLevel": "IRON",
      "minY": 0,
      "maxY": 126,
      "veinMinimum": 6,
      "veinMaximum": 8,
      "countMinimum": 13,
      "countMaximum": 26,
      "disableOre": false,
      "biomeList": [
        "hell"
      ]
    },
    {
      "name": "netherDilithiumOre",
      "spawnBlock": "minecraft:netherrack",
      "miningLevel": "WOODEN",
      "minY": 0,
      "maxY": 126,
      "veinMinimum": 6,
      "veinMaximum": 10,
      "countMinimum": 13,
      "countMaximum": 26,
      "disableOre": false,
      "biomeList": [
        "hell"
      ]
    },
    {
      "name": "netherEmeraldOre",
      "spawnBlock": "minecraft:netherrack",
      "miningLevel": "IRON",
      "minY": 0,
      "maxY": 126,
      "veinMinimum": 8,
      "veinMaximum": 12,
      "countMinimum": 16,
      "countMaximum": 26,
      "disableOre": false,
      "biomeList": [
        "hell"
      ]
    },
    {
      "name": "netherGalenaOre",
      "spawnBlock": "minecraft:netherrack",
      "miningLevel": "IRON",
      "minY": 10,
      "maxY": 126,
      "veinMinimum": 12,
      "veinMaximum": 24,
      "countMinimum": 14,
      "countMaximum": 29,
      "disableOre": true,
      "biomeList": [
        "hell"
      ]
    },
    {
      "name": "netherGoldOre",
      "spawnBlock": "minecraft:netherrack",
      "miningLevel": "IRON",
      "minY": 0,
      "maxY": 126,
      "veinMinimum": 10,
      "veinMaximum": 18,
      "countMinimum": 19,
      "countMaximum": 29,
      "disableOre": false,
      "biomeList": [
        "hell"
      ]
    },
    {
      "name": "netherIridiumOre",
      "spawnBlock": "minecraft:netherrack",
      "miningLevel": "IRON",
      "minY": 10,
      "maxY": 80,
      "veinMinimum": 8,
      "veinMaximum": 9,
      "countMinimum": 15,
      "countMaximum": 28,
      "disableOre": false,
      "biomeList": [
        "hell"
      ]
    },
    {
      "name": "netherIronOre",
      "spawnBlock": "minecraft:netherrack",
      "miningLevel": "IRON",
      "minY": 0,
      "maxY": 126,
      "veinMinimum": 20,
      "veinMaximum": 30,
      "countMinimum": 15,
      "countMaximum": 39,
      "disableOre": false,
      "biomeList": [
        "hell"
      ]
    },
    {
      "name": "netherLapisOre",
      "spawnBlock": "minecraft:netherrack",
      "miningLevel": "STONE",
      "minY": 0,
      "maxY": 126,
      "veinMinimum": 16,
      "veinMaximum": 24,
      "countMinimum": 17,
      "countMaximum": 27,
      "disableOre": false,
      "biomeList": [
        "hell"
      ]
    },
    {
      "name": "netherLeadOre",
      "spawnBlock": "minecraft:netherrack",
      "miningLevel": "IRON",
      "minY": 0,
      "maxY": 126,
      "veinMinimum": 15,
      "veinMaximum": 30,
      "countMinimum": 15,
      "countMaximum": 39,
      "disableOre": false,
      "biomeList": [
        "hell"
      ]
    },
    {
      "name": "netherMagnetiteOre",
      "spawnBlock": "minecraft:netherrack",
      "miningLevel": "IRON",
      "minY": 0,
      "maxY": 126,
      "veinMinimum": 15,
      "veinMaximum": 30,
      "countMinimum": 15,
      "countMaximum": 39,
      "disableOre": false,
      "biomeList": [
        "hell"
      ]
    },
    {
      "name": "netherNickelOre",
      "spawnBlock": "minecraft:netherrack",
      "miningLevel": "IRON",
      "minY": 0,
      "maxY": 126,
      "veinMinimum": 6,
      "veinMaximum": 10,
      "countMinimum": 19,
      "countMaximum": 29,
      "disableOre": false,
      "biomeList": [
        "hell"
      ]
    },
    {
      "name": "netherPeridotOre",
      "spawnBlock": "minecraft:netherrack",
      "miningLevel": "IRON",
      "minY": 10,
      "maxY": 126,
      "veinMinimum": 12,
      "veinMaximum": 20,
      "countMinimum": 14,
      "countMaximum": 29,
      "disableOre": true,
      "biomeList": [
        "hell"
      ]
    },
    {
      "name": "netherPlatinumOre",
      "spawnBlock": "minecraft:netherrack",
      "miningLevel": "IRON",
      "minY": 0,
      "maxY": 126,
      "veinMinimum": 8,
      "veinMaximum": 10,
      "countMinimum": 16,
      "countMaximum": 32,
      "disableOre": false,
      "biomeList": [
        "hell"
      ]
    },
    {
      "name": "netherPyriteOre",
      "spawnBlock": "minecraft:netherrack",
      "miningLevel": "IRON",
      "minY": 10,
      "maxY": 126,
      "veinMinimum": 12,
      "veinMaximum": 20,
      "countMinimum": 14,
      "countMaximum": 29,
      "disableOre": false,
      "biomeList": [
        "hell"
      ]
    },
    {
      "name": "netherQuartzOre",
      "spawnBlock": "minecraft:netherrack",
      "miningLevel": "WOODEN",
      "minY": 0,
      "maxY": 126,
      "veinMinimum": 36,
      "veinMaximum": 38,
      "countMinimum": 15,
      "countMaximum": 29,
      "disableOre": false,
      "biomeList": [
        "hell"
      ]
    },
    {
      "name": "netherRedstoneOre",
      "spawnBlock": "minecraft:netherrack",
      "miningLevel": "IRON",
      "minY": 0,
      "maxY": 126,
      "veinMinimum": 23,
      "veinMaximum": 54,
      "countMinimum": 13,
      "countMaximum": 27,
      "disableOre": false,
      "biomeList": [
        "hell"
      ]
    },
    {
      "name": "netherRubyOre",
      "spawnBlock": "minecraft:netherrack",
      "miningLevel": "IRON",
      "minY": 10,
      "maxY": 126,
      "veinMinimum": 12,
      "veinMaximum": 20,
      "countMinimum": 14,
      "countMaximum": 29,
      "disableOre": true,
      "biomeList": [
        "hell"
      ]
    },
    {
      "name": "netherRutileOre",
      "spawnBlock": "minecraft:netherrack",
      "miningLevel": "IRON",
      "minY": 10,
      "maxY": 80,
      "veinMinimum": 9,
      "veinMaximum": 12,
      "countMinimum": 15,
      "countMaximum": 28,
      "disableOre": false,
      "biomeList": [
        "hell"
      ]
    },
    {
      "name": "netherSapphireOre",
      "spawnBlock": "minecraft:netherrack",
      "miningLevel": "IRON",
      "minY": 10,
      "maxY": 126,
      "veinMinimum": 12,
      "veinMaximum": 20,
      "countMinimum": 14,
      "countMaximum": 29,
      "disableOre": true,
      "biomeList": [
        "hell"
      ]
    },
    {
      "name": "netherSheldoniteOre",
      "spawnBlock": "minecraft:netherrack",
      "miningLevel": "IRON",
      "minY": 10,
      "maxY": 126,
      "veinMinimum": 12,
      "veinMaximum": 20,
      "countMinimum": 14,
      "countMaximum": 29,
      "disableOre": true,
      "biomeList": [
        "hell"
      ]
    },
    {
      "name": "netherSilverOre",
      "spawnBlock": "minecraft:netherrack",
      "miningLevel": "IRON",
      "minY": 0,
      "maxY": 126,
      "veinMinimum": 4,
      "veinMaximum": 10,
      "countMinimum": 13,
      "countMaximum": 26,
      "disableOre": false,
      "biomeList": [
        "hell"
      ]
    },
    {
      "name": "netherSodaliteOre",
      "spawnBlock": "minecraft:netherrack",
      "miningLevel": "IRON",
      "minY": 10,
      "maxY": 126,
      "veinMinimum": 12,
      "veinMaximum": 20,
      "countMinimum": 14,
      "countMaximum": 29,
      "disableOre": true,
      "biomeList": [
        "hell"
      ]
    },
    {
      "name": "netherSodaliteOre",
      "spawnBlock": "minecraft:netherrack",
      "miningLevel": "IRON",
      "minY": 0,
      "maxY": 126,
      "veinMinimum": 12,
      "veinMaximum": 20,
      "countMinimum": 13,
      "countMaximum": 30,
      "disableOre": true,
      "biomeList": [
        "hell"
      ]
    },
    {
      "name": "netherSphaleriteOre",
      "spawnBlock": "minecraft:netherrack",
      "miningLevel": "IRON",
      "minY": 10,
      "maxY": 126,
      "veinMinimum": 12,
      "veinMaximum": 20,
      "countMinimum": 14,
      "countMaximum": 29,
      "disableOre": false,
      "biomeList": [
        "hell"
      ]
    },
    {
      "name": "netherTinOre",
      "spawnBlock": "minecraft:netherrack",
      "miningLevel": "IRON",
      "minY": 0,
      "maxY": 126,
      "veinMinimum": 15,
      "veinMaximum": 32,
      "countMinimum": 15,
      "countMaximum": 39,
      "disableOre": false,
      "biomeList": [
        "hell"
      ]
    },
    {
      "name": "netherTungstenOre",
      "spawnBlock": "minecraft:netherrack",
      "miningLevel": "IRON",
      "minY": 10,
      "maxY": 126,
      "veinMinimum": 12,
      "veinMaximum": 20,
      "countMinimum": 14,
      "countMaximum": 29,
      "disableOre": true,
      "biomeList": [
        "hell"
      ]
    },
    {
      "name": "netherUraniumOre",
      "spawnBlock": "minecraft:netherrack",
      "miningLevel": "IRON",
      "minY": 0,
      "maxY": 126,
      "veinMinimum": 4,
      "veinMaximum": 6,
      "countMinimum": 14,
      "countMaximum": 28,
      "disableOre": false,
      "biomeList": [
        "hell"
      ]
    },
    {
      "name": "netherZincOre",
      "spawnBlock": "minecraft:netherrack",
      "miningLevel": "IRON",
      "minY": 0,
      "maxY": 126,
      "veinMinimum": 15,
      "veinMaximum": 30,
      "countMinimum": 15,
      "countMaximum": 39,
      "disableOre": false,
      "biomeList": [
        "hell"
      ]
    }
  ],
  "EndOres": [
    {
      "name": "endAluminumOre",
      "spawnBlock": "minecraft:end_stone",
      "miningLevel": "IRON",
      "minY": 10,
      "maxY": 60,
      "veinMinimum": 20,
      "veinMaximum": 72,
      "countMinimum": 16,
      "countMaximum": 40,
      "disableOre": false,
      "biomeList": [
        "sky"
      ]
    },
    {
      "name": "endArditeOre",
      "spawnBlock": "minecraft:end_stone",
      "miningLevel": "IRON",
      "minY": 10,
      "maxY": 60,
      "veinMinimum": 7,
      "veinMaximum": 10,
      "countMinimum": 17,
      "countMaximum": 39,
      "disableOre": true,
      "biomeList": [
        "sky"
      ]
    },
    {
      "name": "endCertusQuartzOre",
      "spawnBlock": "minecraft:end_stone",
      "miningLevel": "STONE",
      "minY": 10,
      "maxY": 60,
      "veinMinimum": 20,
      "veinMaximum": 36,
      "countMinimum": 15,
      "countMaximum": 29,
      "disableOre": false,
      "biomeList": [
        "sky"
      ]
    },
    {
      "name": "endChargedCertusQuartzOre",
      "spawnBlock": "minecraft:end_stone",
      "miningLevel": "STONE",
      "minY": 10,
      "maxY": 60,
      "veinMinimum": 20,
      "veinMaximum": 36,
      "countMinimum": 15,
      "countMaximum": 29,
      "disableOre": false,
      "biomeList": [
        "sky"
      ]
    },
    {
      "name": "endCinnabarOre",
      "spawnBlock": "minecraft:end_stone",
      "miningLevel": "IRON",
      "minY": 10,
      "maxY": 60,
      "veinMinimum": 12,
      "veinMaximum": 20,
      "countMinimum": 14,
      "countMaximum": 29,
      "disableOre": true,
      "biomeList": [
        "sky"
      ]
    },
    {
      "name": "endCoalOre",
      "spawnBlock": "minecraft:end_stone",
      "miningLevel": "WOODEN",
      "minY": 10,
      "maxY": 60,
      "veinMinimum": 20,
      "veinMaximum": 36,
      "countMinimum": 12,
      "countMaximum": 37,
      "disableOre": false,
      "biomeList": [
        "sky"
      ]
    },
    {
      "name": "endCobaltOre",
      "spawnBlock": "minecraft:end_stone",
      "miningLevel": "IRON",
      "minY": 10,
      "maxY": 60,
      "veinMinimum": 7,
      "veinMaximum": 10,
      "countMinimum": 17,
      "countMaximum": 40,
      "disableOre": true,
      "biomeList": [
        "sky"
      ]
    },
    {
      "name": "endCopperOre",
      "spawnBlock": "minecraft:end_stone",
      "miningLevel": "IRON",
      "minY": 10,
      "maxY": 60,
      "veinMinimum": 15,
      "veinMaximum": 30,
      "countMinimum": 15,
      "countMaximum": 39,
      "disableOre": false,
      "biomeList": [
        "sky"
      ]
    },
    {
      "name": "endDiamondOre",
      "spawnBlock": "minecraft:end_stone",
      "miningLevel": "IRON",
      "minY": 10,
      "maxY": 60,
      "veinMinimum": 6,
      "veinMaximum": 8,
      "countMinimum": 13,
      "countMaximum": 26,
      "disableOre": false,
      "biomeList": [
        "sky"
      ]
    },
    {
      "name": "endDilithiumOre",
      "spawnBlock": "minecraft:end_stone",
      "miningLevel": "IRON",
      "minY": 10,
      "maxY": 60,
      "veinMinimum": 3,
      "veinMaximum": 6,
      "countMinimum": 13,
      "countMaximum": 26,
      "disableOre": false,
      "biomeList": [
        "sky"
      ]
    },
    {
      "name": "endEmeraldOre",
      "spawnBlock": "minecraft:end_stone",
      "miningLevel": "IRON",
      "minY": 10,
      "maxY": 60,
      "veinMinimum": 8,
      "veinMaximum": 12,
      "countMinimum": 16,
      "countMaximum": 26,
      "disableOre": false,
      "biomeList": [
        "sky"
      ]
    },
    {
      "name": "endGalenaOre",
      "spawnBlock": "minecraft:end_stone",
      "miningLevel": "IRON",
      "minY": 10,
      "maxY": 60,
      "veinMinimum": 12,
      "veinMaximum": 24,
      "countMinimum": 14,
      "countMaximum": 29,
      "disableOre": true,
      "biomeList": [
        "sky"
      ]
    },
    {
      "name": "endGoldOre",
      "spawnBlock": "minecraft:end_stone",
      "miningLevel": "IRON",
      "minY": 10,
      "maxY": 60,
      "veinMinimum": 10,
      "veinMaximum": 18,
      "countMinimum": 19,
      "countMaximum": 29,
      "disableOre": false,
      "biomeList": [
        "sky"
      ]
    },
    {
      "name": "endIridiumOre",
      "spawnBlock": "minecraft:end_stone",
      "miningLevel": "IRON",
      "minY": 10,
      "maxY": 60,
      "veinMinimum": 9,
      "veinMaximum": 10,
      "countMinimum": 15,
      "countMaximum": 28,
      "disableOre": false,
      "biomeList": [
        "sky"
      ]
    },
    {
      "name": "endIronOre",
      "spawnBlock": "minecraft:end_stone",
      "miningLevel": "STONE",
      "minY": 10,
      "maxY": 60,
      "veinMinimum": 15,
      "veinMaximum": 30,
      "countMinimum": 15,
      "countMaximum": 39,
      "disableOre": false,
      "biomeList": [
        "sky"
      ]
    },
    {
      "name": "endLapisOre",
      "spawnBlock": "minecraft:end_stone",
      "miningLevel": "STONE",
      "minY": 10,
      "maxY": 60,
      "veinMinimum": 10,
      "veinMaximum": 24,
      "countMinimum": 17,
      "countMaximum": 27,
      "disableOre": false,
      "biomeList": [
        "sky"
      ]
    },
    {
      "name": "endLeadOre",
      "spawnBlock": "minecraft:end_stone",
      "miningLevel": "IRON",
      "minY": 10,
      "maxY": 60,
      "veinMinimum": 15,
      "veinMaximum": 30,
      "countMinimum": 15,
      "countMaximum": 39,
      "disableOre": false,
      "biomeList": [
        "sky"
      ]
    },
    {
      "name": "endMagnetiteOre",
      "spawnBlock": "minecraft:end_stone",
      "miningLevel": "STONE",
      "minY": 10,
      "maxY": 60,
      "veinMinimum": 15,
      "veinMaximum": 30,
      "countMinimum": 15,
      "countMaximum": 39,
      "disableOre": false,
      "biomeList": [
        "sky"
      ]
    },
    {
      "name": "endNickelOre",
      "spawnBlock": "minecraft:end_stone",
      "miningLevel": "IRON",
      "minY": 10,
      "maxY": 60,
      "veinMinimum": 6,
      "veinMaximum": 10,
      "countMinimum": 19,
      "countMaximum": 29,
      "disableOre": false,
      "biomeList": [
        "sky"
      ]
    },
    {
      "name": "endPeridotOre",
      "spawnBlock": "minecraft:end_stone",
      "miningLevel": "MODDED",
      "minY": 10,
      "maxY": 60,
      "veinMinimum": 12,
      "veinMaximum": 16,
      "countMinimum": 14,
      "countMaximum": 29,
      "disableOre": false,
      "biomeList": [
        "sky"
      ]
    },
    {
      "name": "endPlatinumOre",
      "spawnBlock": "minecraft:end_stone",
      "miningLevel": "IRON",
      "minY": 10,
      "maxY": 60,
      "veinMinimum": 8,
      "veinMaximum": 10,
      "countMinimum": 16,
      "countMaximum": 32,
      "disableOre": false,
      "biomeList": [
        "sky"
      ]
    },
    {
      "name": "endPyriteOre",
      "spawnBlock": "minecraft:end_stone",
      "miningLevel": "IRON",
      "minY": 10,
      "maxY": 60,
      "veinMinimum": 12,
      "veinMaximum": 20,
      "countMinimum": 14,
      "countMaximum": 29,
      "disableOre": true,
      "biomeList": [
        "sky"
      ]
    },
    {
      "name": "endQuartzOre",
      "spawnBlock": "minecraft:end_stone",
      "miningLevel": "WOODEN",
      "minY": 10,
      "maxY": 60,
      "veinMinimum": 10,
      "veinMaximum": 36,
      "countMinimum": 15,
      "countMaximum": 29,
      "disableOre": false,
      "biomeList": [
        "sky"
      ]
    },
    {
      "name": "endRedstoneOre",
      "spawnBlock": "minecraft:end_stone",
      "miningLevel": "IRON",
      "minY": 10,
      "maxY": 60,
      "veinMinimum": 30,
      "veinMaximum": 72,
      "countMinimum": 13,
      "countMaximum": 27,
      "disableOre": false,
      "biomeList": [
        "sky"
      ]
    },
    {
      "name": "endRubyOre",
      "spawnBlock": "minecraft:end_stone",
      "miningLevel": "IRON",
      "minY": 10,
      "maxY": 60,
      "veinMinimum": 12,
      "veinMaximum": 20,
      "countMinimum": 14,
      "countMaximum": 29,
      "disableOre": true,
      "biomeList": [
        "sky"
      ]
    },
    {
      "name": "endRutileOre",
      "spawnBlock": "minecraft:end_stone",
      "miningLevel": "IRON",
      "minY": 10,
      "maxY": 60,
      "veinMinimum": 9,
      "veinMaximum": 12,
      "countMinimum": 15,
      "countMaximum": 28,
      "disableOre": false,
      "biomeList": [
        "sky"
      ]
    },
    {
      "name": "endSapphireOre",
      "spawnBlock": "minecraft:end_stone",
      "miningLevel": "IRON",
      "minY": 10,
      "maxY": 60,
      "veinMinimum": 12,
      "veinMaximum": 20,
      "countMinimum": 14,
      "countMaximum": 29,
      "disableOre": true,
      "biomeList": [
        "sky"
      ]
    },
    {
      "name": "endSheldoniteOre",
      "spawnBlock": "minecraft:end_stone",
      "miningLevel": "MODDED",
      "minY": 10,
      "maxY": 60,
      "veinMinimum": 12,
      "veinMaximum": 20,
      "countMinimum": 14,
      "countMaximum": 29,
      "disableOre": false,
      "biomeList": [
        "sky"
      ]
    },
    {
      "name": "endSilverOre",
      "spawnBlock": "minecraft:end_stone",
      "miningLevel": "IRON",
      "minY": 10,
      "maxY": 60,
      "veinMinimum": 4,
      "veinMaximum": 8,
      "countMinimum": 13,
      "countMaximum": 26,
      "disableOre": false,
      "biomeList": [
        "sky"
      ]
    },
    {
      "name": "endSodaliteOre",
      "spawnBlock": "minecraft:end_stone",
      "miningLevel": "MODDED",
      "minY": 10,
      "maxY": 60,
      "veinMinimum": 8,
      "veinMaximum": 12,
      "countMinimum": 14,
      "countMaximum": 29,
      "disableOre": false,
      "biomeList": [
        "sky"
      ]
    },
    {
      "name": "endSodaliteOre",
      "spawnBlock": "minecraft:end_stone",
      "miningLevel": "IRON",
      "minY": 10,
      "maxY": 60,
      "veinMinimum": 10,
      "veinMaximum": 12,
      "countMinimum": 13,
      "countMaximum": 30,
      "disableOre": true,
      "biomeList": [
        "sky"
      ]
    },
    {
      "name": "endSphaleriteOre",
      "spawnBlock": "minecraft:end_stone",
      "miningLevel": "IRON",
      "minY": 10,
      "maxY": 60,
      "veinMinimum": 10,
      "veinMaximum": 12,
      "countMinimum": 14,
      "countMaximum": 29,
      "disableOre": true,
      "biomeList": [
        "sky"
      ]
    },
    {
      "name": "endTinOre",
      "spawnBlock": "minecraft:end_stone",
      "miningLevel": "IRON",
      "minY": 10,
      "maxY": 60,
      "veinMinimum": 15,
      "veinMaximum": 72,
      "countMinimum": 15,
      "countMaximum": 39,
      "disableOre": false,
      "biomeList": [
        "sky"
      ]
    },
    {
      "name": "endTungstenOre",
      "spawnBlock": "minecraft:end_stone",
      "miningLevel": "MODDED",
      "minY": 10,
      "maxY": 60,
      "veinMinimum": 12,
      "veinMaximum": 20,
      "countMinimum": 14,
      "countMaximum": 29,
      "disableOre": false,
      "biomeList": [
        "sky"
      ]
    },
    {
      "name": "endUraniumOre",
      "spawnBlock": "minecraft:end_stone",
      "miningLevel": "IRON",
      "minY": 10,
      "maxY": 60,
      "veinMinimum": 5,
      "veinMaximum": 6,
      "countMinimum": 14,
      "countMaximum": 28,
      "disableOre": false,
      "biomeList": [
        "sky"
      ]
    },
    {
      "name": "endZincOre",
      "spawnBlock": "minecraft:end_stone",
      "miningLevel": "STONE",
      "minY": 10,
      "maxY": 60,
      "veinMinimum": 15,
      "veinMaximum": 30,
      "countMinimum": 15,
      "countMaximum": 39,
      "disableOre": false,
      "biomeList": [
        "sky"
      ]
    }
  ]
}