{
	"biome": "netherex:torrid_wasteland",
	"generationWeight": 6,
	"useDefaultDecorations": true,
	"isSubBiome": false,
	"isEnabled": true,
	"blocks": {
		"surfaceBlock": {
			"block": "netherex:fiery_netherrack"
		},
		"subsurfaceBlock": {
			"block": "netherex:fiery_netherrack"
		},
		"caveCeilingBlock": {
			"block": "netherex:fiery_netherrack"
		},
		"caveWallBlock": {
			"block": "netherex:fiery_netherrack"
		},
		"caveFloorBlock": {
			"block": "netherex:fiery_netherrack"
		},
		"fluidBlock": {
			"block": "minecraft:lava"
		}
	},
	"entities": [
		{
			"entity": "minecraft:magma_cube",
			"spawnWeight": 30,
			"minimumGroupCount": 1,
			"maximumGroupCount": 4
		}, 
		{
			"entity": "netherex:ember",
			"spawnWeight": 25,
			"minimumGroupCount": 1,
			"maximumGroupCount": 3
		}, 
		{
			"entity": "netherex:salamander",
			"spawnWeight": 100,
			"minimumGroupCount": 1,
			"maximumGroupCount": 2
		}, 
		{
			"entity": "cavern:cavenic_skeleton",
			"spawnWeight": 20,
			"minimumGroupCount": 1,
			"maximumGroupCount": 1
		}, 
		{
			"entity": "cavern:cavenic_creeper",
			"spawnWeight": 30,
			"minimumGroupCount": 1,
			"maximumGroupCount": 1
		}, 
		{
			"entity": "cavern:cavenic_zombie",
			"spawnWeight": 30,
			"minimumGroupCount": 2,
			"maximumGroupCount": 2
		}, 
		{
			"entity": "cavern:cavenic_spider",
			"spawnWeight": 30,
			"minimumGroupCount": 1,
			"maximumGroupCount": 1
		}, 
		{
			"entity": "cavern:cavenic_witch",
			"spawnWeight": 15,
			"minimumGroupCount": 1,
			"maximumGroupCount": 1
		}, 
		{
			"entity": "cavern:cavenic_bear",
			"spawnWeight": 30,
			"minimumGroupCount": 1,
			"maximumGroupCount": 1
		}, 
		{
			"entity": "cavern:crazy_skeleton",
			"spawnWeight": 1,
			"minimumGroupCount": 1,
			"maximumGroupCount": 1
		}, 
		{
			"entity": "cavern:crazy_creeper",
			"spawnWeight": 1,
			"minimumGroupCount": 1,
			"maximumGroupCount": 1
		}, 
		{
			"entity": "cavern:crazy_zombie",
			"spawnWeight": 1,
			"minimumGroupCount": 1,
			"maximumGroupCount": 1
		}, 
		{
			"entity": "cavern:crazy_spider",
			"spawnWeight": 1,
			"minimumGroupCount": 1,
			"maximumGroupCount": 1
		}, 
		{
			"entity": "cavern:caveman",
			"spawnWeight": 30,
			"minimumGroupCount": 1,
			"maximumGroupCount": 1
		}, 
		{
			"entity": "cavern:squid",
			"spawnWeight": 100,
			"minimumGroupCount": 4,
			"maximumGroupCount": 4
		}
	],
	"traits": [
		{
			"trait": "libraryex:pool",
			"generationAttempts": 8,
			"randomizeGenerationAttempts": false,
			"generationProbability": 1.0,
			"minimumGenerationHeight": 10,
			"maximumGenerationHeight": 108,
			"blockToSurround": {
				"block": "netherex:fiery_netherrack"
			},
			"blockToSpawn": {
				"block": "minecraft:flowing_lava"
			},
			"generationStage": "terrain_alteration"
		}, 
		{
			"trait": "libraryex:fluid",
			"generationAttempts": 16,
			"randomizeGenerationAttempts": false,
			"generationProbability": 1.0,
			"minimumGenerationHeight": 4,
			"maximumGenerationHeight": 124,
			"blockToTarget": {
				"block": "netherex:fiery_netherrack"
			},
			"blockToSpawn": {
				"block": "minecraft:flowing_lava"
			},
			"generateFalling": false,
			"generationStage": "decoration"
		}, 
		{
			"trait": "libraryex:scatter",
			"generationAttempts": 20,
			"randomizeGenerationAttempts": true,
			"generationProbability": 1.0,
			"minimumGenerationHeight": 4,
			"maximumGenerationHeight": 124,
			"blockToSpawn": {
				"block": "minecraft:fire"
			},
			"blockToTarget": {
				"block": "netherex:fiery_netherrack"
			},
			"placement": "on_ground",
			"generationStage": "decoration"
		}, 
		{
			"trait": "libraryex:cluster",
			"generationAttempts": 10,
			"randomizeGenerationAttempts": true,
			"generationProbability": 1.0,
			"minimumGenerationHeight": 4,
			"maximumGenerationHeight": 124,
			"direction": "down",
			"blockToAttachTo": {
				"block": "netherex:fiery_netherrack"
			},
			"blockToSpawn": {
				"block": "minecraft:glowstone"
			},
			"generationStage": "decoration"
		}, 
		{
			"trait": "libraryex:cluster",
			"generationAttempts": 10,
			"randomizeGenerationAttempts": false,
			"generationProbability": 1.0,
			"minimumGenerationHeight": 1,
			"maximumGenerationHeight": 128,
			"direction": "down",
			"blockToAttachTo": {
				"block": "netherex:fiery_netherrack"
			},
			"blockToSpawn": {
				"block": "minecraft:glowstone"
			},
			"generationStage": "decoration"
		}, 
		{
			"trait": "libraryex:fluid",
			"generationAttempts": 32,
			"randomizeGenerationAttempts": false,
			"generationProbability": 1.0,
			"minimumGenerationHeight": 10,
			"maximumGenerationHeight": 118,
			"blockToTarget": {
				"block": "netherex:fiery_netherrack"
			},
			"blockToSpawn": {
				"block": "minecraft:flowing_lava"
			},
			"generateFalling": true,
			"generationStage": "decoration"
		}, 
		{
			"trait": "libraryex:ore",
			"generationAttempts": 16,
			"randomizeGenerationAttempts": false,
			"generationProbability": 1.0,
			"minimumGenerationHeight": 10,
			"maximumGenerationHeight": 108,
			"veinSize": 14,
			"blockToReplace": {
				"block": "netherex:fiery_netherrack"
			},
			"blockToSpawn": {
				"block": "netherex:quartz_ore"
			},
			"generationStage": "ore"
		}, 
		{
			"trait": "libraryex:ore",
			"generationAttempts": 16,
			"randomizeGenerationAttempts": false,
			"generationProbability": 1.0,
			"minimumGenerationHeight": 10,
			"maximumGenerationHeight": 108,
			"veinSize": 24,
			"blockToReplace": {
				"block": "netherex:fiery_netherrack"
			},
			"blockToSpawn": {
				"block": "netherex:basalt"
			},
			"generationStage": "ore"
		}, 
		{
			"trait": "libraryex:ore",
			"generationAttempts": 8,
			"randomizeGenerationAttempts": false,
			"generationProbability": 1.0,
			"minimumGenerationHeight": 10,
			"maximumGenerationHeight": 108,
			"veinSize": 32,
			"blockToReplace": {
				"block": "netherex:fiery_netherrack"
			},
			"blockToSpawn": {
				"block": "minecraft:magma"
			},
			"generationStage": "ore"
		}
	],
	"subBiomes": []
}